NP_828855.1,NP_828855.1,100.000,221,0,0,1,221,1,221,1.79e-160,452,100.00
NP_828855.1,ATO98112.1,99.548,221,1,0,1,221,1,221,8.33e-160,450,100.00
NP_828855.1,AAS48455.1,99.548,221,1,0,1,221,1,221,9.72e-160,450,100.00
NP_828855.1,AAU04638.1,99.548,221,1,0,1,221,1,221,1.07e-159,449,99.55
NP_828855.1,AAP33701.1,99.548,221,1,0,1,221,1,221,1.13e-159,449,99.55
NP_828855.1,AGC74174.1,99.095,221,2,0,1,221,1,221,1.16e-159,449,100.00
NP_828855.1,AIA62323.1,99.095,221,2,0,1,221,1,221,1.94e-159,449,100.00
NP_828855.1,AAP13444.1,99.548,221,1,0,1,221,1,221,1.98e-159,449,99.55
NP_828855.1,AFR58704.1,99.548,221,1,0,1,221,1,221,1.98e-159,449,99.55
NP_828855.1,ATO98161.1,99.095,221,2,0,1,221,1,221,2.24e-159,449,99.55
NP_828855.1,AEA11017.1,99.095,221,2,0,1,221,1,221,2.52e-159,449,99.55
NP_828855.1,AFR58690.1,99.548,221,1,0,1,221,1,221,2.70e-159,449,99.55
NP_828855.1,AAR86779.1,99.548,221,1,0,1,221,1,221,2.91e-159,449,99.55
NP_828855.1,AAP94741.1,99.548,221,1,0,1,221,1,221,3.67e-159,448,99.55
NP_828855.1,Q3LZX9.1,98.643,221,3,0,1,221,1,221,3.75e-159,448,100.00
NP_828855.1,ACZ71980.1,99.095,221,2,0,1,221,1,221,4.18e-159,448,99.55
NP_828855.1,BAE93405.1,99.095,221,2,0,1,221,1,221,4.62e-159,448,99.10
NP_828855.1,ABF65840.1,99.095,221,2,0,1,221,1,221,7.73e-159,447,99.55
NP_828855.1,QDF43817.1,99.095,221,2,0,1,221,1,221,1.19e-158,447,99.55
NP_828855.1,AYV99779.1,99.095,221,2,0,1,221,1,221,1.59e-158,447,99.10
NP_828855.1,AAP97886.1,99.095,221,2,0,1,221,1,221,1.99e-158,446,99.10
NP_828855.1,ACU31036.1,98.643,221,3,0,1,221,1,221,2.01e-158,446,100.00
NP_828855.1,AGZ48810.1,98.190,221,4,0,1,221,1,221,3.22e-158,446,100.00
NP_828855.1,AIA62333.1,98.643,221,3,0,1,221,1,221,3.22e-158,446,99.10
NP_828855.1,ATO98197.1,98.190,221,4,0,1,221,1,221,3.22e-158,446,100.00
NP_828855.1,AAR87516.1,99.095,221,2,0,1,221,1,221,5.27e-158,445,99.10
NP_828855.1,AYV99793.1,98.643,221,3,0,1,221,1,221,6.22e-158,445,99.10
NP_828855.1,ATO98124.1,98.190,221,4,0,1,221,1,221,8.74e-158,445,100.00
NP_828855.1,AID16718.1,97.285,221,6,0,1,221,1,221,1.60e-157,444,100.00
NP_828855.1,ATO98209.1,97.738,221,5,0,1,221,1,221,1.84e-157,444,99.55
NP_828855.1,Q3I5J2.1,97.285,221,6,0,1,221,1,221,3.22e-157,443,100.00
NP_828855.1,ABD75314.1,97.738,221,5,0,1,221,1,221,3.68e-157,443,99.55
NP_828855.1,Q0Q472.1,97.285,221,6,0,1,221,1,221,4.68e-157,443,99.10
NP_828855.1,ANA96031.1,97.738,221,5,0,1,221,1,221,5.05e-157,443,99.10
NP_828855.1,ADE34769.1,96.833,221,7,0,1,221,1,221,1.36e-156,442,99.55
NP_828855.1,AGC74168.1,96.833,221,7,0,1,221,1,221,1.39e-156,442,100.00
NP_828855.1,AHX37561.1,97.738,221,5,0,1,221,1,221,2.25e-156,441,99.10
NP_828855.1,AIA62281.1,97.285,221,6,0,1,221,1,221,2.43e-156,441,99.10
NP_828855.1,APO40582.1,91.403,221,19,0,1,221,1,221,2.04e-148,421,97.29
NP_828855.1,QHR63303.1,90.950,221,20,0,1,221,1,221,2.86e-148,421,96.83
NP_828855.1,QIA48617.1,90.909,220,20,0,2,221,3,222,3.14e-147,418,96.82
NP_828855.1,AVP78034.1,90.455,220,21,0,2,221,3,222,9.09e-147,417,96.36
NP_828855.1,YP_009724393.1,90.541,222,20,1,1,221,1,222,1.57e-146,416,96.40
NP_828855.1,QII87843.1,90.090,222,21,1,1,221,1,222,2.52e-146,416,96.40
NP_828855.1,YP_003858587.1,93.056,216,15,0,6,221,12,227,2.92e-146,416,97.22
NP_828855.1,QIU81888.1,90.090,222,21,1,1,221,1,222,3.39e-146,416,96.40
NP_828855.1,QIZ14692.1,90.090,222,21,1,1,221,1,222,3.39e-146,416,96.40
NP_828855.1,QIZ16332.1,90.000,220,22,0,2,221,3,222,6.99e-146,415,95.91
NP_828855.1,QIQ54051.1,90.000,220,22,0,2,221,3,222,7.39e-146,415,96.36
NP_828855.1,QIZ64749.1,90.411,219,21,0,3,221,1,219,7.99e-146,414,96.35
NP_828855.1,QIU81660.1,90.090,222,21,1,1,221,1,222,1.06e-145,414,95.95
NP_828855.1,QIU81036.1,90.090,222,21,1,1,221,1,222,1.06e-145,414,95.95
NP_828855.1,QJC19650.1,90.090,222,21,1,1,221,1,222,1.13e-145,414,96.40
NP_828855.1,QIQ49785.1,90.090,222,21,1,1,221,1,222,1.70e-145,414,95.95
NP_828855.1,QIS60561.1,90.090,222,21,1,1,221,1,222,4.04e-145,413,95.50
NP_828855.1,QIZ15984.1,90.090,222,21,1,1,221,1,222,4.61e-145,413,95.95
NP_828855.1,QJA16643.1,90.090,222,21,1,1,221,1,222,4.61e-145,413,95.95
NP_828855.1,QIS60981.1,89.640,222,22,1,1,221,1,222,5.81e-145,412,95.50
NP_828855.1,QIG55988.1,89.640,222,22,1,1,221,1,222,7.89e-145,412,95.95
NP_828855.1,QIZ64841.1,90.090,222,21,1,1,221,1,222,9.21e-145,412,95.95
NP_828855.1,QJC20010.1,89.640,222,22,1,1,221,1,222,1.32e-144,412,95.50
NP_828855.1,QIS61257.1,89.640,222,22,1,1,221,1,222,2.36e-144,411,95.50
NP_828855.1,QIS60897.1,89.640,222,22,1,1,221,1,222,3.08e-144,410,95.50
NP_828855.1,QJC19998.1,89.189,222,23,1,1,221,1,222,5.50e-144,410,95.05
NP_828855.1,QIS61389.1,89.189,222,23,1,1,221,1,222,1.88e-143,409,95.05
NP_828855.1,QIS30228.1,89.189,222,23,1,1,221,1,222,2.03e-143,409,95.05
NP_828855.1,QIQ68477.1,88.739,222,24,1,1,221,1,222,2.27e-142,406,94.59
NP_828855.1,QJA17033.1,88.889,216,24,0,6,221,1,216,1.49e-140,401,94.91
NP_828855.1,QIZ13134.1,87.838,222,26,1,1,221,1,222,1.51e-140,401,93.24
NP_828855.1,QIZ14799.1,87.838,222,26,1,1,221,1,222,1.63e-140,401,93.69
NP_828855.1,QIZ14356.1,87.838,222,26,1,1,221,1,222,2.68e-140,400,93.69
NP_828855.1,QIZ13983.1,87.387,222,27,1,1,221,1,222,1.50e-139,399,93.24
NP_828855.1,QJC20502.1,87.387,222,27,1,1,221,1,222,1.75e-139,399,92.79
NP_828855.1,QIZ13373.1,86.937,222,28,1,1,221,1,222,5.96e-139,397,92.79
NP_828855.1,QIS30507.1,87.387,222,27,1,1,221,1,222,2.71e-138,395,92.79
NP_828855.1,QIS60657.1,85.135,222,32,1,1,221,1,222,9.16e-135,387,90.99
NP_828855.1,QIZ13906.1,83.562,219,36,0,3,221,1,219,1.87e-130,375,88.13
NP_828855.1,QIZ14788.1,82.432,222,38,1,1,221,1,222,5.59e-129,372,88.29
NP_828855.1,QIZ14260.1,82.432,222,38,1,1,221,1,222,6.45e-129,372,86.94
NP_828855.1,QIZ14440.1,82.432,222,38,1,1,221,1,222,6.88e-129,372,87.84
NP_828855.1,QDF43837.1,97.826,184,4,0,1,184,1,184,2.44e-128,369,100.00
NP_828855.1,QIS30358.1,82.407,216,38,0,6,221,1,216,3.11e-127,367,88.43
NP_828855.1,QIU81372.1,81.081,222,41,1,1,221,1,222,1.47e-126,366,86.49
NP_828855.1,QIZ13415.1,83.105,219,36,1,1,218,1,219,2.46e-126,365,88.13
NP_828855.1,QJA16964.1,80.631,222,42,1,1,221,1,222,8.38e-126,364,86.04
NP_828855.1,QIZ14198.1,81.081,222,41,1,1,221,1,222,3.45e-125,362,86.49
NP_828855.1,QJA16797.1,79.279,222,45,1,1,221,1,222,5.51e-122,354,85.14
NP_828855.1,QIZ13152.1,83.333,204,34,0,18,221,1,204,3.08e-120,349,88.24
NP_828855.1,QIZ14872.1,78.378,222,47,1,1,221,1,222,9.83e-120,348,83.33
NP_828855.1,QIZ14836.1,78.378,222,47,1,1,221,1,222,1.03e-119,348,84.23
NP_828855.1,QIZ13072.1,74.324,222,56,1,1,221,1,222,5.02e-111,327,79.28
NP_828855.1,QIZ14396.1,80.711,197,38,0,25,221,1,197,1.90e-110,324,85.79
NP_828855.1,QIS30638.1,77.928,222,48,1,1,221,1,222,3.90e-110,324,83.33
NP_828855.1,QIS30528.1,73.832,214,56,0,8,221,1,214,4.44e-106,314,78.97
NP_828855.1,QJA16901.1,75.799,219,53,0,3,221,2,220,3.00e-103,307,81.28
NP_828855.1,QIS30398.1,78.534,191,41,0,31,221,1,191,1.68e-102,304,83.25
NP_828855.1,QIZ13571.1,71.905,210,59,0,12,221,1,210,3.31e-101,301,77.14
NP_828855.1,AAS44691.1,99.301,143,1,0,1,143,1,143,2.07e-95,284,99.30
NP_828855.1,AAS44739.1,98.601,143,2,0,1,143,1,143,1.70e-94,282,98.60
NP_828855.1,QIS30188.1,64.815,216,76,0,6,221,1,216,4.79e-88,268,68.98
NP_828855.1,QIS60609.1,68.018,222,70,1,1,221,1,222,6.09e-87,266,72.52
NP_828855.1,YP_009072443.1,55.046,218,97,1,3,220,5,221,2.98e-76,239,69.72
NP_828855.1,QIU78870.1,92.683,123,8,1,1,122,1,123,2.45e-74,234,97.56
NP_828855.1,ADY69165.1,52.273,220,104,1,3,221,23,242,1.73e-70,224,71.36
NP_828855.1,QIZ64595.1,89.565,115,12,0,107,221,1,115,4.03e-70,219,95.65
NP_828855.1,QHR93621.1,91.589,107,9,0,61,167,1,107,2.65e-66,209,98.13
NP_828855.1,ABN10930.1,46.948,213,112,1,1,212,1,213,4.47e-62,202,63.85
NP_828855.1,ADM33585.1,43.182,220,124,1,1,220,1,219,1.96e-60,198,64.09
NP_828855.1,ABN10938.1,45.755,212,114,1,2,212,4,215,2.86e-60,198,63.21
NP_828855.1,AWV67058.1,43.379,219,121,2,2,219,5,221,6.60e-60,197,65.30
NP_828855.1,ABN10922.1,43.119,218,123,1,3,220,4,220,8.23e-60,197,64.68
NP_828855.1,ADX59477.1,43.779,217,119,2,4,219,6,220,4.85e-59,195,64.52
NP_828855.1,ADM33569.1,42.857,217,123,1,4,220,3,218,5.03e-59,195,64.52
NP_828855.1,Q0Q4E7.1,44.928,207,114,0,1,207,1,207,5.20e-59,194,64.25
NP_828855.1,AVP25409.1,44.545,220,117,3,4,220,6,223,5.22e-59,195,63.18
NP_828855.1,YP_001039959.1,44.928,207,114,0,1,207,1,207,8.49e-59,194,64.25
NP_828855.1,AWH65905.1,44.928,207,114,0,1,207,1,207,2.14e-58,193,64.25
NP_828855.1,YP_009273008.1,43.779,217,121,1,4,220,5,220,3.97e-58,192,61.75
NP_828855.1,AUM60030.1,45.545,202,110,0,3,204,2,203,4.45e-58,192,64.85
NP_828855.1,AUM60020.1,45.545,202,110,0,3,204,2,203,6.37e-58,192,64.85
NP_828855.1,AWH65960.1,44.700,217,118,1,3,219,2,216,8.00e-58,192,62.21
NP_828855.1,ASL68959.1,44.700,217,118,1,3,219,2,216,1.41e-57,191,62.21
NP_828855.1,AWV67050.1,42.254,213,121,1,2,214,3,213,1.60e-57,191,64.32
NP_828855.1,YP_001039974.1,43.498,223,121,3,1,220,1,221,2.01e-57,191,64.13
NP_828855.1,AWV67066.1,42.254,213,119,1,3,215,4,212,4.03e-57,190,64.79
NP_828855.1,ANA96045.1,43.961,207,116,0,1,207,1,207,6.05e-57,189,63.29
NP_828855.1,AWH65949.1,44.240,217,119,1,3,219,2,216,6.68e-57,189,61.75
NP_828855.1,ABN10890.1,45.320,203,111,0,2,204,3,205,8.65e-57,189,64.04
NP_828855.1,YP_009513017.1,46.040,202,109,0,3,204,2,203,9.36e-57,189,62.87
NP_828855.1,ADX59469.1,41.981,212,121,1,3,214,4,213,1.38e-56,189,64.62
NP_828855.1,AOG30815.1,42.986,221,124,2,1,220,1,220,1.42e-56,189,61.54
NP_828855.1,AWV67042.1,42.254,213,121,1,2,214,3,213,1.42e-56,189,63.85
NP_828855.1,AVV62532.1,44.059,202,113,0,3,204,2,203,2.07e-56,188,63.86
NP_828855.1,ATY74387.1,43.627,204,115,0,1,204,1,204,2.52e-56,188,63.24
NP_828855.1,YP_001039968.1,44.828,203,112,0,2,204,3,205,2.68e-56,188,64.04
NP_828855.1,AGV08590.1,44.118,204,114,0,1,204,1,204,2.96e-56,187,62.75
NP_828855.1,BBJ36014.1,43.564,202,114,0,3,204,2,203,4.63e-56,187,63.86
NP_828855.1,AGX27817.1,45.545,202,110,0,3,204,2,203,4.68e-56,187,62.87
NP_828855.1,ALT66808.1,43.137,204,116,0,1,204,1,204,4.73e-56,187,62.75
NP_828855.1,QGA70698.1,47.030,202,107,0,3,204,2,203,5.40e-56,187,61.88
NP_828855.1,AHY61343.1,44.059,202,113,0,3,204,2,203,5.58e-56,187,63.86
NP_828855.1,AVN89358.1,44.118,204,114,0,1,204,1,204,5.94e-56,187,62.25
NP_828855.1,AVN89391.1,43.627,204,115,0,1,204,1,204,6.84e-56,187,62.25
NP_828855.1,ASU90214.1,43.627,204,115,0,1,204,1,204,7.63e-56,187,62.75
NP_828855.1,YP_009361863.1,42.466,219,124,1,1,219,1,217,7.63e-56,187,62.10
NP_828855.1,AIZ74445.1,43.627,204,115,0,1,204,1,204,8.69e-56,186,62.25
NP_828855.1,QEH60466.1,42.922,219,122,2,3,220,4,220,1.20e-55,186,62.10
NP_828855.1,WP_148724442.1,43.627,204,115,0,1,204,1,204,1.22e-55,186,62.25
NP_828855.1,AKJ80143.1,43.137,204,116,0,1,204,1,204,1.30e-55,186,62.75
NP_828855.1,QEJ82232.1,43.137,204,116,0,1,204,1,204,1.80e-55,186,62.75
NP_828855.1,AKM76245.1,43.627,204,115,0,1,204,1,204,1.99e-55,186,62.25
NP_828855.1,QCC20720.1,45.545,202,110,0,3,204,2,203,1.99e-55,186,62.38
NP_828855.1,AGV08396.1,43.137,204,116,0,1,204,1,204,2.12e-55,186,62.25
NP_828855.1,AHI48589.1,43.137,204,116,0,1,204,1,204,2.52e-55,185,62.25
NP_828855.1,AWH65894.1,43.902,205,115,0,3,207,2,206,2.88e-55,185,62.44
NP_828855.1,ASU90335.1,43.137,204,116,0,1,204,1,204,2.94e-55,185,62.25
NP_828855.1,ANI69895.1,43.137,204,116,0,1,204,1,204,3.04e-55,185,62.25
NP_828855.1,ALA49908.1,43.137,204,116,0,1,204,1,204,3.07e-55,185,62.25
NP_828855.1,ANF29190.1,42.647,204,117,0,1,204,1,204,3.07e-55,185,62.75
NP_828855.1,ANF29179.1,42.647,204,117,0,1,204,1,204,3.69e-55,185,62.75
NP_828855.1,AVN89297.1,43.137,204,116,0,1,204,1,204,5.46e-55,184,61.76
NP_828855.1,WP_148724527.1,44.444,198,110,0,7,204,7,204,5.71e-55,184,62.63
NP_828855.1,AVV62543.1,45.050,202,111,0,3,204,2,203,5.72e-55,184,64.85
NP_828855.1,AGH58718.1,43.137,204,116,0,1,204,1,204,5.90e-55,184,61.76
NP_828855.1,QDF43842.1,42.925,212,120,1,2,212,4,215,6.12e-55,184,62.26
NP_828855.1,ALW82726.1,42.647,204,117,0,1,204,1,204,6.29e-55,184,62.75
NP_828855.1,ANI69852.1,43.137,204,116,0,1,204,1,204,6.29e-55,184,61.76
NP_828855.1,AIL23940.1,42.647,204,117,0,1,204,1,204,6.43e-55,184,62.25
NP_828855.1,AHI48545.1,43.137,204,116,0,1,204,1,204,6.57e-55,184,61.76
NP_828855.1,ALX27238.1,43.137,204,116,0,1,204,1,204,6.94e-55,184,62.25
NP_828855.1,BAI67742.1,43.128,211,119,1,3,212,4,214,7.30e-55,184,61.61
NP_828855.1,AVN89380.1,43.137,204,116,0,1,204,1,204,7.91e-55,184,62.25
NP_828855.1,AJG44108.1,43.137,204,116,0,1,204,1,204,7.99e-55,184,61.76
NP_828855.1,ASL68948.1,43.779,217,120,1,3,219,2,216,1.12e-54,184,61.75
NP_828855.1,ASY99815.1,42.647,204,117,0,1,204,1,204,1.55e-54,183,62.25
NP_828855.1,ALA49963.1,42.647,204,117,0,1,204,1,204,3.11e-54,182,62.25
NP_828855.1,ANI69841.1,42.647,204,117,0,1,204,1,204,5.02e-54,182,61.27
NP_828855.1,ANA52020.1,43.192,213,120,1,8,219,14,226,9.62e-54,182,61.50
NP_828855.1,AZK15906.1,42.157,204,118,0,1,204,1,204,1.12e-53,181,62.25
NP_828855.1,AMQ49021.1,42.157,204,118,0,1,204,1,204,1.52e-53,181,62.25
NP_828855.1,ASC42971.1,42.723,213,121,1,8,219,14,226,1.59e-53,181,61.50
NP_828855.1,ARC95214.1,42.723,213,121,1,8,219,14,226,1.87e-53,181,61.97
NP_828855.1,ALA49424.1,42.647,204,117,0,1,204,1,204,1.89e-53,181,61.76
NP_828855.1,Q8BB24.1,42.723,213,121,1,8,219,14,226,2.32e-53,181,61.97
NP_828855.1,ARC95238.1,41.784,213,123,1,8,219,14,226,2.56e-53,181,62.44
NP_828855.1,ATQ39392.1,42.922,219,123,1,1,219,1,217,5.55e-53,179,62.56
NP_828855.1,AVV64338.1,42.254,213,122,1,8,219,14,226,7.66e-53,179,61.50
NP_828855.1,ACH72649.1,42.254,213,122,1,8,219,14,226,8.35e-53,179,61.50
NP_828855.1,Q8JSP5.1,41.784,213,123,1,8,219,14,226,1.25e-52,179,61.50
NP_828855.1,AIG13102.1,42.466,219,124,1,1,219,1,217,1.25e-52,178,62.56
NP_828855.1,AAQ67209.1,41.096,219,128,1,2,219,8,226,1.71e-52,178,60.73
NP_828855.1,ABP87994.1,41.096,219,128,1,2,219,8,226,2.91e-52,178,60.73
NP_828855.1,AAY33957.1,41.860,215,124,1,6,219,12,226,4.85e-52,177,60.93
NP_828855.1,AVN88327.1,41.395,215,125,1,6,219,12,226,5.01e-52,177,60.93
NP_828855.1,ARC95230.1,41.315,213,124,1,8,219,14,226,6.43e-52,177,61.97
NP_828855.1,ABN49620.1,41.395,215,125,1,6,219,12,226,6.87e-52,177,60.93
NP_828855.1,NP_150082.1,41.860,215,124,1,6,219,12,226,7.33e-52,177,60.93
NP_828855.1,ACT11035.1,41.395,215,125,1,6,219,12,226,7.57e-52,177,60.93
NP_828855.1,ARD06004.1,41.395,215,125,1,6,219,12,226,8.17e-52,177,60.93
NP_828855.1,AZS64203.1,40.930,215,126,1,6,219,12,226,8.26e-52,177,61.40
NP_828855.1,AAQ67201.1,41.395,215,125,1,6,219,12,226,9.20e-52,176,60.93
NP_828855.1,BBM60922.1,41.395,215,125,1,6,219,12,226,9.61e-52,176,60.93
NP_828855.1,P69599.1,41.395,215,125,1,6,219,12,226,1.08e-51,176,60.93
NP_828855.1,BBM61362.1,41.395,215,125,1,6,219,12,226,1.12e-51,176,60.93
NP_828855.1,ABP38278.1,41.395,215,125,1,6,219,12,226,1.19e-51,176,60.93
NP_828855.1,BBM61302.1,41.395,215,125,1,6,219,12,226,1.22e-51,176,60.93
NP_828855.1,Q8V433.1,41.395,215,125,1,6,219,12,226,1.22e-51,176,60.93
NP_828855.1,AVZ61104.1,40.930,215,126,1,6,219,12,226,1.25e-51,176,61.40
NP_828855.1,AAY33930.1,41.395,215,125,1,6,219,12,226,1.27e-51,176,60.93
NP_828855.1,BBM61012.1,41.395,215,125,1,6,219,12,226,1.50e-51,176,60.93
NP_828855.1,BBM61412.1,40.930,215,126,1,6,219,12,226,1.71e-51,176,61.40
NP_828855.1,ATP66775.1,40.094,212,126,1,8,218,15,226,2.04e-51,176,61.32
NP_828855.1,BAS18859.1,40.639,219,129,1,2,219,8,226,2.27e-51,176,60.27
NP_828855.1,BBM61072.1,40.930,215,126,1,6,219,12,226,3.58e-51,175,60.93
NP_828855.1,BBM61402.1,40.930,215,126,1,6,219,12,226,5.06e-51,175,60.93
NP_828855.1,ABV74059.1,40.930,215,126,1,6,219,12,226,6.42e-51,174,60.47
NP_828855.1,AAF05705.1,41.038,212,124,1,8,218,15,226,6.82e-51,174,60.38
NP_828855.1,AJL33726.1,40.930,215,126,1,6,219,12,226,1.36e-50,174,60.47
NP_828855.1,AID16663.1,40.566,212,125,1,8,218,15,226,1.79e-50,173,60.38
NP_828855.1,AAY33954.1,40.930,215,126,1,6,219,12,226,2.19e-50,173,60.47
NP_828855.1,AAM55466.1,40.566,212,125,1,8,218,10,221,8.57e-50,171,59.91
NP_828855.1,BAJ04700.1,40.094,212,126,1,8,218,15,226,9.53e-50,171,60.38
NP_828855.1,AAF19388.1,40.094,212,126,1,8,218,15,226,2.24e-49,170,59.91
NP_828855.1,AAF69337.1,40.094,212,126,1,8,218,15,226,2.24e-49,170,59.91
NP_828855.1,AZU96329.1,40.376,213,126,1,8,219,14,226,2.41e-49,170,61.03
NP_828855.1,AWH65883.1,42.512,207,117,2,1,207,1,205,2.64e-49,170,61.35
NP_828855.1,AGT51425.1,41.315,213,124,1,8,219,14,226,3.37e-49,170,61.97
NP_828855.1,Q9JEB4.1,40.094,212,126,1,8,218,15,226,6.02e-49,169,59.43
NP_828855.1,AFY14163.1,42.408,191,109,1,16,205,1,191,1.72e-48,167,63.35
NP_828855.1,Q9QAR9.1,41.860,215,124,1,6,219,12,226,2.02e-48,168,60.93
NP_828855.1,AGT51405.1,41.315,213,124,1,8,219,14,226,2.08e-48,168,61.50
NP_828855.1,AGT51415.1,41.315,213,124,1,8,219,14,226,2.35e-48,168,61.50
NP_828855.1,YP_009555244.1,41.315,213,124,1,8,219,14,226,2.40e-48,168,61.50
NP_828855.1,AJC98130.1,40.845,213,125,1,8,219,14,226,2.67e-48,168,61.97
NP_828855.1,QEY10636.1,41.395,215,125,1,6,219,12,226,2.70e-48,167,60.93
NP_828855.1,ACL13000.1,41.860,215,124,1,6,219,12,226,2.92e-48,167,60.93
NP_828855.1,AFY14164.1,41.117,197,115,1,14,209,2,198,2.97e-48,166,61.93
NP_828855.1,AQT26503.1,41.395,215,125,1,6,219,12,226,3.21e-48,167,60.93
NP_828855.1,VVU96370.1,41.860,215,124,1,6,219,12,226,3.25e-48,167,60.93
NP_828855.1,QDH43729.1,40.845,213,125,1,8,219,14,226,3.54e-48,167,61.50
NP_828855.1,BAF75636.1,41.395,215,125,1,6,219,12,226,3.91e-48,167,60.93
NP_828855.1,AGT51733.1,40.845,213,125,1,8,219,14,226,4.65e-48,167,61.50
NP_828855.1,AGT51454.1,40.845,213,125,1,8,219,14,226,5.01e-48,167,61.50
NP_828855.1,QAY30025.1,41.395,215,125,1,6,219,12,226,5.35e-48,167,60.47
NP_828855.1,ACX46865.1,41.395,215,125,1,6,219,12,226,5.59e-48,167,60.93
NP_828855.1,QEY10628.1,41.395,215,125,1,6,219,12,226,5.65e-48,167,60.93
NP_828855.1,P69703.1,41.395,215,125,1,6,219,12,226,5.71e-48,167,60.93
NP_828855.1,ATP66735.1,38.967,213,128,2,6,216,14,226,6.00e-48,167,62.44
NP_828855.1,AGT51484.1,41.315,213,124,1,8,219,14,226,6.03e-48,167,61.03
NP_828855.1,QEY10660.1,41.395,215,125,1,6,219,12,226,6.30e-48,167,60.93
NP_828855.1,ABG78752.1,41.860,215,124,1,6,219,12,226,7.09e-48,167,60.47
NP_828855.1,AFE48820.1,41.315,213,124,1,8,219,14,226,7.82e-48,166,61.03
NP_828855.1,AIX09802.1,40.376,213,126,1,8,219,14,226,8.62e-48,166,61.50
NP_828855.1,ATP66781.1,41.553,219,127,1,2,219,9,227,9.17e-48,166,60.73
NP_828855.1,APU51920.1,40.376,213,126,1,8,219,14,226,9.71e-48,166,61.50
NP_828855.1,AGT51633.1,40.845,213,125,1,8,219,14,226,1.06e-47,166,61.03
NP_828855.1,QEY10644.1,41.395,215,125,1,6,219,12,226,1.14e-47,166,60.93
NP_828855.1,AAX85672.1,40.845,213,125,1,8,219,14,226,1.58e-47,166,61.03
NP_828855.1,Q01455.1,41.315,213,124,1,8,219,14,226,1.80e-47,166,61.03
NP_828855.1,YP_005454248.1,40.845,213,125,1,8,219,14,226,1.84e-47,166,61.03
NP_828855.1,AFE48808.1,40.845,213,125,1,8,219,14,226,1.84e-47,166,61.03
NP_828855.1,AWW13547.1,40.284,211,125,1,10,219,2,212,1.92e-47,165,61.61
NP_828855.1,ATN39867.1,39.906,213,127,1,8,219,14,226,1.92e-47,166,61.50
NP_828855.1,ATP66758.1,40.465,215,127,1,8,221,15,229,3.10e-47,165,60.93
NP_828855.1,AAW47244.1,41.038,212,124,1,8,218,15,226,5.84e-47,164,59.91
NP_828855.1,ATP66729.1,40.094,212,126,1,8,218,15,226,7.66e-47,164,60.85
NP_828855.1,ATP66764.1,40.000,215,128,1,8,221,15,229,9.56e-47,164,60.93
NP_828855.1,P26021.1,40.930,215,126,1,6,219,12,226,1.14e-46,164,60.47
NP_828855.1,ADI59792.1,40.566,212,125,1,8,218,15,226,1.28e-46,163,59.91
NP_828855.1,AID16657.1,40.000,215,128,1,8,221,15,229,1.38e-46,163,60.93
NP_828855.1,ACN89749.1,40.566,212,125,1,8,218,15,226,1.48e-46,163,59.91
NP_828855.1,AFY14162.1,42.553,188,107,1,19,205,1,188,1.52e-46,162,62.23
NP_828855.1,AWB14617.1,40.566,212,125,1,8,218,15,226,1.55e-46,163,59.91
NP_828855.1,ABS87268.1,40.566,212,125,1,8,218,15,226,1.62e-46,163,59.91
NP_828855.1,AID16651.1,40.094,212,126,1,8,218,15,226,1.67e-46,163,61.32
NP_828855.1,AQN78779.1,39.906,213,127,1,8,219,14,226,2.40e-46,163,61.03
NP_828855.1,ACX46845.1,40.930,215,126,1,6,219,12,226,4.17e-46,162,60.47
NP_828855.1,ACX46855.1,40.930,215,126,1,6,219,12,226,4.91e-46,162,60.47
NP_828855.1,AYR18620.1,40.000,215,128,1,8,221,15,229,6.03e-46,162,61.40
NP_828855.1,ATP66752.1,39.906,213,127,1,8,219,15,227,7.38e-46,161,61.03
NP_828855.1,YP_009113029.1,39.906,213,127,1,8,219,15,227,7.96e-46,161,61.03
NP_828855.1,NP_045301.1,40.094,212,126,1,8,218,15,226,8.13e-46,161,59.91
NP_828855.1,AYR18602.1,40.465,215,127,1,8,221,15,229,8.16e-46,161,60.93
NP_828855.1,AAF69348.1,40.094,212,126,1,8,218,15,226,8.22e-46,161,59.91
NP_828855.1,QCI55925.1,40.094,212,126,1,8,218,15,226,9.16e-46,161,59.91
NP_828855.1,AID16633.1,39.906,213,127,1,8,219,15,227,9.88e-46,161,61.03
NP_828855.1,YP_209237.1,39.623,212,127,1,8,218,15,226,1.17e-45,161,59.43
NP_828855.1,ACN89700.1,40.094,212,126,1,8,218,15,226,1.77e-45,160,59.43
NP_828855.1,QCI55927.1,40.094,212,126,1,8,218,15,226,2.53e-45,160,59.91
NP_828855.1,AGO06007.1,44.118,170,95,0,1,170,1,170,2.56e-45,158,63.53
NP_828855.1,AFO11521.1,39.151,212,128,1,8,218,15,226,3.82e-45,159,59.43
NP_828855.1,YP_009755836.1,38.967,213,129,1,8,219,15,227,6.43e-45,159,61.03
NP_828855.1,AYR18611.1,39.437,213,128,1,8,219,15,227,7.40e-45,159,60.56
NP_828855.1,ATN37901.1,39.623,212,127,1,8,218,15,226,4.51e-44,157,59.43
NP_828855.1,AHA83611.1,39.151,212,128,1,8,218,15,226,1.45e-43,155,59.43
NP_828855.1,YP_173241.1,36.321,212,134,1,8,218,10,221,1.76e-43,155,58.02
NP_828855.1,AFY14166.1,42.778,180,102,1,16,194,1,180,1.86e-43,154,62.22
NP_828855.1,ABD75500.1,36.321,212,134,1,8,218,10,221,1.90e-43,155,58.02
NP_828855.1,QEG03817.1,41.848,184,106,1,37,219,43,226,2.47e-43,155,61.41
NP_828855.1,ABD75532.1,36.321,212,134,1,8,218,10,221,3.15e-43,154,57.55
NP_828855.1,AAD33106.1,38.679,212,129,1,8,218,9,220,3.31e-43,154,59.43
NP_828855.1,ABD75588.1,36.321,212,134,1,8,218,10,221,3.37e-43,154,57.55
NP_828855.1,YP_003029851.1,38.679,212,129,1,8,218,15,226,3.68e-43,154,59.43
NP_828855.1,ABD75596.1,36.321,212,134,1,8,218,10,221,3.92e-43,154,57.55
NP_828855.1,Q9IKC7.1,38.679,212,129,1,8,218,15,226,3.93e-43,154,59.43
NP_828855.1,Q9WCD1.1,38.679,212,129,1,8,218,9,220,5.44e-43,154,59.43
NP_828855.1,AFY14165.1,42.222,180,103,1,16,194,1,180,7.77e-43,152,61.67
NP_828855.1,Q0ZME4.1,37.143,210,131,1,10,218,12,221,5.14e-42,151,60.00
NP_828855.1,Q14EA7.1,36.667,210,132,1,10,218,12,221,8.36e-42,151,60.00
NP_828855.1,AZS52621.1,36.667,210,132,1,10,218,12,221,4.61e-41,149,59.52
NP_828855.1,AFG25764.1,38.028,213,130,2,8,218,15,227,1.79e-40,147,58.69
NP_828855.1,AHI48648.1,53.279,122,57,0,83,204,10,131,1.67e-37,137,64.75
NP_828855.1,AGV08417.1,53.279,122,57,0,83,204,12,133,1.68e-37,137,64.75
NP_828855.1,AHI48640.1,53.279,122,57,0,83,204,11,132,1.72e-37,137,64.75
NP_828855.1,AHI48646.1,53.279,122,57,0,83,204,9,130,1.78e-37,137,64.75
NP_828855.1,QBP43262.1,34.259,216,138,3,1,212,1,216,6.72e-36,136,56.48
NP_828855.1,QDF43812.1,34.259,216,138,3,1,212,1,216,1.57e-35,135,56.02
NP_828855.1,AJD09513.1,35.437,206,129,3,3,204,2,207,3.94e-34,131,56.31
NP_828855.1,AJD09518.1,35.437,206,129,3,3,204,2,207,5.99e-34,131,56.31
NP_828855.1,ABF61551.1,35.437,206,123,5,1,203,1,199,7.80e-34,130,55.34
NP_828855.1,QGX41972.1,30.667,225,151,4,1,220,1,225,1.22e-33,130,56.89
NP_828855.1,QGX41960.1,29.778,225,153,4,1,220,1,225,1.31e-33,130,57.78
NP_828855.1,APX42140.1,34.951,206,130,3,3,204,2,207,1.68e-33,130,56.31
NP_828855.1,ASY04646.1,34.951,206,130,3,3,204,2,207,1.70e-33,130,56.31
NP_828855.1,ART85702.1,34.951,206,130,3,3,204,2,207,2.58e-33,129,55.83
NP_828855.1,ADX59454.1,33.333,216,140,3,1,212,1,216,3.21e-33,129,56.02
NP_828855.1,ADX59498.1,32.710,214,140,3,1,210,1,214,3.50e-33,129,57.48
NP_828855.1,QCQ19921.1,34.286,210,134,3,3,208,2,211,4.66e-33,129,56.19
NP_828855.1,ATJ03683.1,34.951,206,130,3,3,204,2,207,4.66e-33,129,55.83
NP_828855.1,P59771.1,34.466,206,131,3,3,204,2,207,7.31e-33,128,56.31
NP_828855.1,AKH45329.1,34.466,206,131,3,3,204,2,207,1.14e-32,127,56.31
NP_828855.1,QHA24727.1,33.178,214,139,3,3,212,2,215,1.14e-32,127,55.61
NP_828855.1,AIA62237.1,31.754,211,140,3,6,212,31,241,1.26e-32,128,55.92
NP_828855.1,AIA62215.1,31.754,211,140,3,6,212,31,241,1.31e-32,128,55.92
NP_828855.1,AIA62230.1,31.754,211,140,3,6,212,31,241,1.31e-32,128,55.92
NP_828855.1,AFZ85195.1,35.437,206,129,3,3,204,2,207,1.52e-32,127,56.80
NP_828855.1,QHA24674.1,31.754,211,140,3,6,212,31,241,1.64e-32,128,55.92
NP_828855.1,AGI02604.1,34.466,206,131,3,3,204,2,207,2.09e-32,127,55.83
NP_828855.1,AWW13562.1,33.803,213,140,1,8,219,14,226,2.50e-32,127,53.05
NP_828855.1,AHW40033.1,34.951,206,130,3,3,204,2,207,2.54e-32,127,56.80
NP_828855.1,AWM11477.1,35.922,206,128,3,3,204,2,207,2.59e-32,127,55.83
NP_828855.1,AFN66538.1,34.466,206,131,3,3,204,2,207,3.02e-32,126,55.83
NP_828855.1,ARQ18626.1,35.437,206,129,3,3,204,2,207,3.47e-32,126,56.80
NP_828855.1,AQU42846.1,42.282,149,86,0,8,156,1,149,3.87e-32,124,63.76
NP_828855.1,AQU42848.1,42.384,151,87,0,6,156,2,152,3.89e-32,124,63.58
NP_828855.1,AQU42847.1,42.282,149,86,0,8,156,1,149,4.10e-32,124,63.76
NP_828855.1,AET71243.1,34.951,206,130,3,3,204,2,207,4.16e-32,126,55.34
NP_828855.1,ATG31103.1,34.951,206,130,3,3,204,2,207,5.38e-32,125,56.80
NP_828855.1,AIE16043.1,35.437,206,129,3,3,204,2,207,5.74e-32,125,56.80
NP_828855.1,QFU19228.1,34.951,206,130,3,3,204,2,207,6.89e-32,125,56.80
NP_828855.1,YP_001718615.1,32.701,211,138,3,6,212,30,240,7.09e-32,126,55.45
NP_828855.1,AJP67429.1,35.437,206,129,3,3,204,2,207,7.50e-32,125,56.31
NP_828855.1,AWM11459.1,35.437,206,129,3,3,204,2,207,7.50e-32,125,56.31
NP_828855.1,AIA62223.1,31.280,211,141,3,6,212,33,243,8.05e-32,126,55.45
NP_828855.1,BAT70793.1,35.437,206,129,3,3,204,2,207,8.81e-32,125,56.31
NP_828855.1,ACV81757.1,35.000,220,134,4,3,218,2,216,9.00e-32,125,55.00
NP_828855.1,QDY92484.1,34.951,206,130,3,3,204,2,207,9.30e-32,125,56.80
NP_828855.1,QGX41966.1,29.646,226,153,5,1,220,1,226,1.00e-31,125,57.52
NP_828855.1,QCT24240.1,34.951,206,130,3,3,204,2,207,1.00e-31,125,56.80
NP_828855.1,QCQ19825.1,34.951,206,130,3,3,204,2,207,1.07e-31,125,56.80
NP_828855.1,QCB65309.1,34.951,206,130,3,3,204,2,207,1.08e-31,125,56.31
NP_828855.1,AQZ26212.1,35.437,206,129,3,3,204,2,207,1.08e-31,125,56.31
NP_828855.1,AHK25065.1,34.951,206,130,3,3,204,2,207,1.10e-31,125,56.80
NP_828855.1,AID56904.1,34.951,206,130,3,3,204,2,207,1.27e-31,125,56.31
NP_828855.1,AFD98085.1,34.951,206,130,3,3,204,2,207,1.31e-31,125,56.31
NP_828855.1,ASK39754.1,34.951,206,130,3,3,204,2,207,1.35e-31,125,56.31
NP_828855.1,ALN22012.1,34.951,206,130,3,3,204,2,207,1.40e-31,125,56.31
NP_828855.1,AFV59246.1,34.951,206,130,3,3,204,2,207,1.41e-31,125,56.31
NP_828855.1,QCL09023.1,35.122,205,129,3,3,203,2,206,1.47e-31,125,57.07
NP_828855.1,ATJ03692.1,35.000,220,134,4,3,218,2,216,1.49e-31,125,55.00
NP_828855.1,ALJ52507.1,35.437,206,129,3,3,204,2,207,1.51e-31,124,56.31
NP_828855.1,QFU19241.1,34.951,206,130,3,3,204,2,207,1.68e-31,124,56.31
NP_828855.1,AER39423.1,34.951,206,130,3,3,204,2,207,1.69e-31,124,56.31
NP_828855.1,ANY27040.1,34.286,210,134,3,3,208,2,211,1.71e-31,124,56.67
NP_828855.1,YP_006908645.1,33.488,215,139,3,2,212,4,218,1.75e-31,124,53.95
NP_828855.1,QHU76821.1,34.951,206,130,3,3,204,2,207,1.77e-31,124,56.31
NP_828855.1,AJD09515.1,34.951,206,130,3,3,204,2,207,1.81e-31,124,56.80
NP_828855.1,AKV62622.1,34.951,206,130,3,3,204,2,207,1.91e-31,124,56.31
NP_828855.1,QCO95425.1,35.437,206,129,3,3,204,2,207,1.95e-31,124,55.83
NP_828855.1,ART85709.1,34.951,206,130,3,3,204,2,207,2.06e-31,124,56.31
NP_828855.1,QDF43797.1,33.981,206,132,3,2,203,3,208,2.07e-31,124,57.77
NP_828855.1,AEW24879.1,34.951,206,130,3,3,204,2,207,2.10e-31,124,56.31
NP_828855.1,AFD98084.1,34.951,206,130,3,3,204,2,207,2.13e-31,124,56.31
NP_828855.1,AFI64528.1,34.951,206,130,3,3,204,2,207,2.22e-31,124,56.31
NP_828855.1,AER35138.1,34.545,220,135,4,3,218,2,216,2.22e-31,124,55.00
NP_828855.1,AFZ85194.1,34.951,206,130,3,3,204,2,207,2.24e-31,124,56.31
NP_828855.1,AIJ01344.1,34.951,206,130,3,3,204,2,207,2.24e-31,124,56.31
NP_828855.1,AGK25219.1,34.951,206,130,3,3,204,2,207,2.24e-31,124,56.31
NP_828855.1,ACN23186.1,34.951,206,130,3,3,204,2,207,2.26e-31,124,56.31
NP_828855.1,ACN23167.1,34.951,206,130,3,3,204,2,207,2.26e-31,124,56.31
NP_828855.1,QBO24660.1,35.000,220,134,4,3,218,2,216,2.31e-31,124,55.00
NP_828855.1,ABS72126.1,34.951,206,130,3,3,204,2,207,2.31e-31,124,56.31
NP_828855.1,ACM41664.1,34.951,206,130,3,3,204,1,206,2.33e-31,124,56.31
NP_828855.1,QBP43284.1,32.093,215,142,3,2,212,4,218,2.34e-31,124,55.81
NP_828855.1,ACN23171.1,34.951,206,130,3,3,204,2,207,2.34e-31,124,56.31
NP_828855.1,QHU76831.1,34.951,206,130,3,3,204,2,207,2.36e-31,124,56.31
NP_828855.1,APX42122.1,34.951,206,130,3,3,204,2,207,2.36e-31,124,56.31
NP_828855.1,QED40656.1,34.951,206,130,3,3,204,2,207,2.36e-31,124,56.31
NP_828855.1,ANI85821.1,34.951,206,130,3,3,204,2,207,2.39e-31,124,56.31
NP_828855.1,AFD98087.1,34.951,206,130,3,3,204,2,207,2.44e-31,124,56.31
NP_828855.1,AER39412.1,34.951,206,130,3,3,204,2,207,2.44e-31,124,56.31
NP_828855.1,AFS63728.1,34.951,206,130,3,3,204,2,207,2.44e-31,124,56.31
NP_828855.1,ACN23180.1,34.951,206,130,3,3,204,2,207,2.45e-31,124,56.31
NP_828855.1,ARM53694.1,34.951,206,130,3,3,204,2,207,2.47e-31,124,56.31
NP_828855.1,AGV05243.1,34.951,206,130,3,3,204,2,207,2.52e-31,124,56.31
NP_828855.1,ACN23170.1,34.951,206,130,3,3,204,2,207,2.53e-31,124,56.31
NP_828855.1,ACN23175.1,34.951,206,130,3,3,204,2,207,2.57e-31,124,56.31
NP_828855.1,AGA94623.1,34.951,206,130,3,3,204,2,207,2.57e-31,124,56.31
NP_828855.1,AER39408.1,33.981,206,132,3,3,204,2,207,2.57e-31,124,55.34
NP_828855.1,ACN23174.1,34.951,206,130,3,3,204,2,207,2.60e-31,124,56.31
NP_828855.1,AFD98083.1,34.951,206,130,3,3,204,2,207,2.60e-31,124,56.31
NP_828855.1,AZS27728.1,34.951,206,130,3,3,204,2,207,2.63e-31,124,56.31
NP_828855.1,ALR84911.1,34.951,206,130,3,3,204,2,207,2.63e-31,124,56.31
NP_828855.1,AFV59248.1,34.951,206,130,3,3,204,2,207,2.63e-31,124,56.31
NP_828855.1,AYP73637.1,34.951,206,130,3,3,204,2,207,2.63e-31,124,56.31
NP_828855.1,AHK25076.1,34.951,206,130,3,3,204,2,207,2.66e-31,124,56.31
NP_828855.1,AGV76998.1,35.122,205,129,3,4,204,1,205,2.68e-31,124,56.59
NP_828855.1,AEE38481.1,34.951,206,130,3,3,204,2,207,2.75e-31,124,56.31
NP_828855.1,AFI64532.1,34.951,206,130,3,3,204,2,207,2.75e-31,124,56.31
NP_828855.1,AER39413.1,34.951,206,130,3,3,204,2,207,2.78e-31,124,56.31
NP_828855.1,QCQ19891.1,34.951,206,130,3,3,204,2,207,2.78e-31,124,56.31
NP_828855.1,QHA24713.1,33.488,215,139,3,2,212,3,217,2.80e-31,124,53.49
NP_828855.1,QCQ19813.1,35.122,205,129,3,3,203,2,206,2.80e-31,124,56.59
NP_828855.1,ACN23181.1,34.951,206,130,3,3,204,2,207,2.84e-31,124,56.31
NP_828855.1,AEQ29502.1,34.951,206,130,3,3,204,2,207,2.87e-31,124,56.31
NP_828855.1,QCQ19915.1,35.122,205,129,3,3,203,2,206,3.06e-31,124,56.59
NP_828855.1,AFZ85190.1,34.951,206,130,3,3,204,2,207,3.09e-31,124,56.31
NP_828855.1,QFG71735.1,34.951,206,130,3,3,204,2,207,3.12e-31,124,56.31
NP_828855.1,ARM53666.1,34.951,206,130,3,3,204,2,207,3.12e-31,124,56.31
NP_828855.1,ACA81419.1,34.951,206,130,3,3,204,2,207,3.22e-31,124,56.31
NP_828855.1,AEW24876.1,34.951,206,130,3,3,204,2,207,3.26e-31,124,56.31
NP_828855.1,ALM09391.1,34.951,206,130,3,3,204,2,207,3.44e-31,124,56.31
NP_828855.1,ALL27305.1,34.466,206,131,3,3,204,2,207,3.59e-31,124,56.31
NP_828855.1,APG77339.1,34.951,206,130,3,3,204,2,207,3.63e-31,124,56.31
NP_828855.1,AAT35841.1,33.803,213,137,3,3,211,2,214,3.67e-31,124,55.87
NP_828855.1,AFN66541.1,34.951,206,130,3,3,204,2,207,3.67e-31,124,56.31
NP_828855.1,QCQ19993.1,34.466,206,131,3,3,204,2,207,3.71e-31,124,56.31
NP_828855.1,ABU50830.1,34.951,206,130,3,3,204,2,207,3.75e-31,124,56.31
NP_828855.1,AFZ85192.1,34.466,206,131,3,3,204,2,207,3.79e-31,124,56.80
NP_828855.1,AFZ88829.1,33.333,204,126,5,3,203,6,202,3.83e-31,124,55.88
NP_828855.1,AEW24883.1,34.951,206,130,3,3,204,2,207,3.95e-31,124,56.31
NP_828855.1,QBM00064.1,34.466,206,131,3,3,204,2,207,3.99e-31,124,56.31
NP_828855.1,AVU05364.1,34.466,206,131,3,3,204,2,207,3.99e-31,124,56.31
NP_828855.1,AUV64202.1,34.466,206,131,3,3,204,2,207,3.99e-31,124,56.31
NP_828855.1,ALM09397.1,34.951,206,130,3,3,204,2,207,4.08e-31,124,56.31
NP_828855.1,QEQ55817.1,34.951,206,130,3,3,204,2,207,4.26e-31,123,56.31
NP_828855.1,AIS82615.1,34.466,206,131,3,3,204,2,207,4.31e-31,123,56.31
NP_828855.1,QCQ19879.1,34.951,206,130,3,3,204,2,207,4.31e-31,123,55.83
NP_828855.1,AFZ45986.1,34.951,206,130,3,3,204,2,207,4.59e-31,123,56.31
NP_828855.1,ANY58998.1,34.466,206,125,5,1,203,4,202,4.79e-31,123,55.83
NP_828855.1,AFD98086.1,34.466,206,131,3,3,204,2,207,4.86e-31,123,56.31
NP_828855.1,AVU05350.1,34.951,206,130,3,3,204,2,207,4.90e-31,123,56.31
NP_828855.1,AKJ22118.1,34.951,206,130,3,3,204,2,207,5.06e-31,123,56.31
NP_828855.1,QFU19250.1,34.466,206,131,3,3,204,2,207,5.63e-31,123,56.31
NP_828855.1,AND65704.1,34.466,206,131,3,3,204,2,207,5.69e-31,123,56.31
NP_828855.1,AJD09508.1,34.951,206,130,3,3,204,2,207,5.81e-31,123,55.83
NP_828855.1,AER35134.1,34.466,206,131,3,3,204,2,207,5.88e-31,123,56.31
NP_828855.1,ASK39756.1,34.951,206,130,3,3,204,2,207,5.88e-31,123,56.31
NP_828855.1,AIT56253.1,34.466,206,131,3,3,204,2,207,5.88e-31,123,56.31
NP_828855.1,QAR17952.1,34.466,206,131,3,3,204,2,207,5.94e-31,123,56.31
NP_828855.1,AMZ01559.1,34.466,206,131,3,3,204,2,207,5.94e-31,123,56.31
NP_828855.1,QFU19238.1,34.466,206,131,3,3,204,2,207,6.13e-31,123,56.31
NP_828855.1,AUD08948.1,34.466,206,131,3,3,204,2,207,6.40e-31,123,56.31
NP_828855.1,BAT70792.1,34.466,206,131,3,3,204,2,207,6.40e-31,123,56.31
NP_828855.1,QBP43273.1,31.628,215,143,3,2,212,4,218,6.76e-31,123,55.81
NP_828855.1,ASU90456.1,41.549,142,83,0,1,142,1,142,6.77e-31,123,64.08
NP_828855.1,AEE38480.1,34.466,206,131,3,3,204,2,207,6.97e-31,123,56.31
NP_828855.1,AFZ45984.1,34.466,206,131,3,3,204,2,207,7.05e-31,123,56.31
NP_828855.1,QFU19233.1,34.951,206,130,3,3,204,2,207,7.05e-31,123,55.83
NP_828855.1,AST13132.1,34.286,210,130,4,3,204,2,211,7.16e-31,123,55.24
NP_828855.1,ASK39745.1,34.466,206,131,3,3,204,2,207,7.44e-31,123,56.31
NP_828855.1,AYR18421.1,33.816,207,133,3,1,203,1,207,7.55e-31,123,57.49
NP_828855.1,ADZ76336.1,34.286,210,130,4,3,204,2,211,8.06e-31,123,55.24
NP_828855.1,AFP81692.1,34.466,206,131,3,3,204,2,207,8.10e-31,123,55.83
NP_828855.1,AER39424.1,34.466,206,131,3,3,204,2,207,8.10e-31,123,56.31
NP_828855.1,AHK25064.1,34.951,206,130,3,3,204,2,207,8.19e-31,123,55.83
NP_828855.1,YP_001351687.1,33.333,207,134,3,1,203,1,207,8.40e-31,123,57.49
NP_828855.1,AAT75299.1,34.466,206,131,3,3,204,2,207,8.73e-31,122,56.31
NP_828855.1,AQX36345.1,34.466,206,131,3,3,204,2,207,8.83e-31,122,56.31
NP_828855.1,QCX35163.1,30.667,225,150,5,1,219,1,225,8.99e-31,122,56.89
NP_828855.1,QFU19234.1,34.466,206,131,3,3,204,2,207,9.02e-31,122,55.83
NP_828855.1,QFU19232.1,34.951,206,130,3,3,204,2,207,9.21e-31,122,55.83
NP_828855.1,AFK73392.1,34.466,206,131,3,3,204,2,207,9.21e-31,122,56.31
NP_828855.1,SNC44848.1,34.466,206,131,3,3,204,2,207,9.31e-31,122,56.31
NP_828855.1,AJD07386.1,34.466,206,131,3,3,204,2,207,9.31e-31,122,56.31
NP_828855.1,AYR18570.1,33.010,206,134,3,2,203,3,208,9.59e-31,122,57.77
NP_828855.1,AEQ29504.1,34.466,206,131,3,3,204,2,207,9.72e-31,122,56.31
NP_828855.1,AYR18427.1,33.816,207,133,3,1,203,1,207,9.86e-31,122,57.49
NP_828855.1,AJD09509.1,34.466,206,131,3,3,204,2,207,9.93e-31,122,55.83
NP_828855.1,ARJ35785.1,33.632,223,136,6,1,214,4,223,1.00e-30,122,54.71
NP_828855.1,AFS18100.1,32.727,220,136,6,3,217,6,218,1.13e-30,122,55.00
NP_828855.1,QGX07414.1,34.466,206,125,5,1,203,1,199,1.18e-30,122,55.83
NP_828855.1,QHU76826.1,34.951,206,130,3,3,204,2,207,1.20e-30,122,55.34
NP_828855.1,NP_598313.1,34.466,206,131,3,3,204,2,207,1.27e-30,122,56.31
NP_828855.1,ACV81753.1,33.981,206,132,3,3,204,2,207,1.27e-30,122,56.31
NP_828855.1,AIC82400.1,34.466,206,131,3,3,204,2,207,1.28e-30,122,56.31
NP_828855.1,P59770.1,34.466,206,131,3,3,204,2,207,1.28e-30,122,56.31
NP_828855.1,AFX98016.1,34.466,206,131,3,3,204,2,207,1.28e-30,122,56.31
NP_828855.1,AEQ55007.1,34.466,206,131,3,3,204,2,207,1.31e-30,122,56.31
NP_828855.1,AEW24880.1,34.466,206,131,3,3,204,2,207,1.34e-30,122,55.83
NP_828855.1,QCW07224.1,34.466,206,131,3,3,204,2,207,1.38e-30,122,56.31
NP_828855.1,AYN79039.1,34.951,206,130,3,3,204,2,207,1.40e-30,122,56.31
NP_828855.1,ASK39759.1,33.981,206,132,3,3,204,2,207,1.41e-30,122,56.31
NP_828855.1,AIN52097.1,34.466,206,131,3,3,204,2,207,1.46e-30,122,55.83
NP_828855.1,AIE15968.1,34.466,206,131,3,3,204,2,207,1.46e-30,122,56.31
NP_828855.1,AJP08751.1,34.951,206,124,5,1,203,1,199,1.49e-30,122,54.37
NP_828855.1,ACB87498.1,34.466,206,131,3,3,204,2,207,1.49e-30,122,56.31
NP_828855.1,AFU92125.1,32.710,214,140,3,3,212,2,215,1.49e-30,122,54.67
NP_828855.1,AEF13980.1,34.466,206,131,3,3,204,2,207,1.52e-30,122,55.83
NP_828855.1,AJD80651.1,34.951,206,130,3,3,204,2,207,1.56e-30,122,55.83
NP_828855.1,ALL27311.1,34.951,206,130,3,3,204,2,207,1.59e-30,122,55.83
NP_828855.1,QDQ69125.1,34.466,206,125,5,1,203,1,199,1.62e-30,122,54.37
NP_828855.1,AFZ85191.1,34.466,206,131,3,3,204,2,207,1.66e-30,122,55.83
NP_828855.1,AAB71544.1,34.466,206,131,3,3,204,2,207,1.77e-30,122,55.34
NP_828855.1,AZN28596.1,34.466,206,131,3,3,204,2,207,1.79e-30,122,55.83
NP_828855.1,AFZ85196.1,34.466,206,131,3,3,204,2,207,1.81e-30,122,55.83
NP_828855.1,ALB08474.1,34.466,206,131,3,3,204,2,207,1.87e-30,122,55.83
NP_828855.1,AST13230.1,33.645,214,126,5,3,204,2,211,1.88e-30,122,56.54
NP_828855.1,ABM64779.1,33.981,206,132,3,3,204,2,207,1.89e-30,122,56.31
NP_828855.1,AHK25071.1,34.466,206,131,3,3,204,2,207,1.95e-30,122,55.83
NP_828855.1,AEW24873.1,34.466,206,131,3,3,204,2,207,1.97e-30,122,55.83
NP_828855.1,AIE15958.1,34.286,210,134,3,3,208,2,211,2.01e-30,122,55.71
NP_828855.1,QGZ28407.1,34.466,206,131,3,3,204,2,207,2.01e-30,122,55.83
NP_828855.1,QDY92472.1,33.981,206,132,3,3,204,2,207,2.01e-30,122,55.83
NP_828855.1,QCQ20065.1,34.466,206,131,3,3,204,2,207,2.03e-30,122,55.83
NP_828855.1,AFZ45983.1,33.981,206,132,3,3,204,2,207,2.12e-30,122,56.31
NP_828855.1,ALG76016.1,34.951,206,130,3,3,204,2,207,2.12e-30,122,56.31
NP_828855.1,AER39411.1,34.466,206,131,3,3,204,2,207,2.15e-30,122,55.83
NP_828855.1,QGQ60267.1,34.466,206,131,3,3,204,2,207,2.15e-30,122,55.83
NP_828855.1,AUD08950.1,33.981,206,132,3,3,204,2,207,2.19e-30,122,55.83
NP_828855.1,AUZ98439.1,34.466,206,131,3,3,204,2,207,2.19e-30,122,55.83
NP_828855.1,AFZ88830.1,32.843,204,127,5,3,203,6,202,2.31e-30,122,55.39
NP_828855.1,ASK39748.1,33.981,206,132,3,3,204,2,207,2.31e-30,122,55.83
NP_828855.1,QCQ20071.1,34.466,206,131,3,3,204,2,207,2.34e-30,121,55.83
NP_828855.1,AIC82399.1,33.981,206,132,3,3,204,2,207,2.42e-30,121,56.80
NP_828855.1,AND65706.1,34.466,206,131,3,3,204,2,207,2.44e-30,121,55.83
NP_828855.1,QBO24666.1,34.466,206,131,3,3,204,2,207,2.47e-30,121,55.83
NP_828855.1,ACV81758.1,34.466,206,131,3,3,204,2,207,2.49e-30,121,55.83
NP_828855.1,AXS67928.1,33.981,206,132,3,3,204,2,207,2.55e-30,121,55.83
NP_828855.1,QGX41948.1,34.434,212,135,3,1,208,1,212,2.59e-30,121,56.60
NP_828855.1,QCQ20077.1,34.951,206,130,3,3,204,2,207,2.72e-30,121,55.83
NP_828855.1,AST13242.1,33.810,210,131,4,3,204,2,211,2.73e-30,121,55.24
NP_828855.1,QDQ69151.1,33.641,217,134,5,1,214,1,210,2.74e-30,121,52.53
NP_828855.1,ALF39592.1,34.466,206,131,3,3,204,2,207,2.75e-30,121,55.83
NP_828855.1,ACV81749.1,34.466,206,131,3,3,204,2,207,2.81e-30,121,55.83
NP_828855.1,ACV81760.1,34.466,206,131,3,3,204,2,207,2.87e-30,121,55.83
NP_828855.1,ACZ67647.1,33.180,217,135,5,1,214,1,210,2.92e-30,121,53.00
NP_828855.1,ABQ84937.1,32.727,220,136,6,3,217,6,218,2.96e-30,121,54.55
NP_828855.1,AJD09505.1,34.466,206,131,3,3,204,2,207,3.02e-30,121,55.83
NP_828855.1,AER35136.1,34.466,206,131,3,3,204,2,207,3.19e-30,121,55.83
NP_828855.1,AER39418.1,34.466,206,131,3,3,204,2,207,3.37e-30,121,55.83
NP_828855.1,ASK39755.1,34.466,206,131,3,3,204,2,207,3.40e-30,121,55.34
NP_828855.1,AJD09502.1,34.466,206,131,3,3,204,2,207,3.44e-30,121,55.83
NP_828855.1,AWV57057.1,34.466,206,131,3,3,204,2,207,3.51e-30,121,55.83
NP_828855.1,AHG97561.1,34.466,206,131,3,3,204,2,207,3.51e-30,121,55.83
NP_828855.1,AIT56251.1,34.466,206,131,3,3,204,2,207,3.55e-30,121,55.83
NP_828855.1,AHK25073.1,34.466,206,131,3,3,204,2,207,3.59e-30,121,55.34
NP_828855.1,AFZ85193.1,34.466,206,131,3,3,204,2,207,3.63e-30,121,55.83
NP_828855.1,AAX84831.1,34.466,206,131,3,3,204,2,207,3.83e-30,121,55.83
NP_828855.1,AFU92073.1,32.243,214,141,3,3,212,2,215,3.95e-30,121,54.67
NP_828855.1,QHQ97042.1,34.466,206,131,3,3,204,2,207,4.08e-30,121,55.83
NP_828855.1,AIC82401.1,34.466,206,131,3,3,204,2,207,4.12e-30,121,55.83
NP_828855.1,QHU76801.1,34.466,206,131,3,3,204,2,207,4.17e-30,121,55.83
NP_828855.1,ABQ84881.1,33.333,204,126,5,3,203,6,202,4.26e-30,121,55.88
NP_828855.1,ABH10023.1,34.951,206,130,3,3,204,2,207,4.40e-30,121,55.83
NP_828855.1,AVU05371.1,34.466,206,131,3,3,204,2,207,4.45e-30,121,55.83
NP_828855.1,ACO58564.1,32.273,220,137,6,3,217,6,218,4.59e-30,121,55.00
NP_828855.1,AJD09510.1,34.466,206,131,3,3,204,2,207,4.59e-30,121,55.34
NP_828855.1,AAB66559.1,34.466,206,131,3,3,204,2,207,4.69e-30,120,55.34
NP_828855.1,AIE15943.1,34.466,206,131,3,3,204,2,207,4.84e-30,120,55.83
NP_828855.1,AHK25059.1,34.466,206,131,3,3,204,2,207,4.84e-30,120,55.83
NP_828855.1,AEW24877.1,34.466,206,131,3,3,204,2,207,4.90e-30,120,55.83
NP_828855.1,ABQ84834.1,32.127,221,138,6,3,214,6,223,4.90e-30,120,54.75
NP_828855.1,ARS22414.1,34.804,204,123,5,3,203,6,202,5.00e-30,120,54.41
NP_828855.1,AEW24878.1,33.810,210,135,3,3,208,2,211,5.00e-30,120,56.19
NP_828855.1,ABU50836.1,34.466,206,131,3,3,204,2,207,5.05e-30,120,55.83
NP_828855.1,AEW24886.1,33.810,210,135,3,3,208,2,211,5.16e-30,120,55.24
NP_828855.1,ACR16063.1,33.333,204,126,5,3,203,6,202,5.28e-30,120,55.88
NP_828855.1,AFU92116.1,32.243,214,141,3,3,212,2,215,5.28e-30,120,54.21
NP_828855.1,AER39417.1,34.466,206,131,3,3,204,2,207,5.28e-30,120,55.83
NP_828855.1,ACV81759.1,34.466,206,131,3,3,204,2,207,5.28e-30,120,55.34
NP_828855.1,AEW24875.1,34.466,206,131,3,3,204,2,207,5.39e-30,120,55.83
NP_828855.1,AFJ54356.1,34.466,206,131,3,3,204,2,207,5.50e-30,120,55.83
NP_828855.1,AIC82413.1,33.981,206,132,3,3,204,2,207,5.69e-30,120,56.31
NP_828855.1,AAF35863.1,33.333,204,126,5,3,203,6,202,5.69e-30,120,55.88
NP_828855.1,AFN88521.1,33.182,220,135,6,3,217,6,218,5.81e-30,120,54.55
NP_828855.1,AWM11501.1,34.466,206,131,3,3,204,2,207,5.93e-30,120,55.34
NP_828855.1,AFV92602.1,34.466,206,125,5,1,203,1,199,5.97e-30,120,55.34
NP_828855.1,AKJ85726.1,34.466,206,131,3,3,204,2,207,6.00e-30,120,55.83
NP_828855.1,ACZ67649.1,33.180,217,135,5,1,214,1,210,6.06e-30,120,53.00
NP_828855.1,ACT55272.1,34.314,204,124,5,3,203,2,198,6.23e-30,120,55.39
NP_828855.1,ABQ84865.1,32.273,220,137,6,3,217,6,218,6.33e-30,120,54.55
NP_828855.1,AXQ05194.1,33.184,223,137,6,1,214,4,223,6.82e-30,120,54.26
NP_828855.1,QEY95712.1,34.466,206,125,5,1,203,3,201,6.91e-30,120,55.34
NP_828855.1,AFZ88837.1,32.673,202,130,3,3,203,6,202,7.76e-30,120,54.95
NP_828855.1,AJD09522.1,34.466,206,131,3,3,204,2,207,7.84e-30,120,55.83
NP_828855.1,APY20698.1,34.634,205,124,5,2,203,5,202,7.92e-30,120,54.63
NP_828855.1,AKS26492.1,33.981,206,132,3,3,204,2,207,8.18e-30,120,55.83
NP_828855.1,SNW64193.1,34.466,206,131,3,3,204,2,207,8.36e-30,120,55.83
NP_828855.1,QDF43807.1,33.659,205,132,3,3,203,4,208,8.42e-30,120,57.07
NP_828855.1,AFK08619.1,33.981,206,132,3,3,204,2,207,8.54e-30,120,55.83
NP_828855.1,AFZ88838.1,33.790,219,130,6,2,212,5,216,9.01e-30,120,52.97
NP_828855.1,ACR16065.1,33.032,221,136,6,3,214,6,223,9.20e-30,120,53.85
NP_828855.1,ABF61498.1,33.632,223,136,6,1,214,1,220,9.39e-30,120,52.02
NP_828855.1,AFS18102.1,33.824,204,125,5,3,203,6,202,9.40e-30,120,55.39
NP_828855.1,AYR18458.1,32.524,206,135,3,2,203,3,208,9.89e-30,120,57.28
NP_828855.1,AAV88468.1,33.333,204,126,5,3,203,6,202,1.04e-29,120,55.88
NP_828855.1,AKC34136.1,34.634,205,124,5,2,203,37,234,1.08e-29,120,54.63
NP_828855.1,APY26785.1,34.466,206,125,5,1,203,1,199,1.11e-29,120,54.85
NP_828855.1,AJD09503.1,34.466,206,131,3,3,204,2,207,1.16e-29,120,55.83
NP_828855.1,AZF86121.1,32.143,224,147,4,1,219,1,224,1.17e-29,120,56.25
NP_828855.1,APD51494.1,34.247,219,139,4,1,214,7,225,1.18e-29,120,53.42
NP_828855.1,ANV78633.1,33.816,207,133,3,1,203,1,207,1.19e-29,120,57.00
NP_828855.1,AMO03296.1,34.146,205,125,5,2,203,43,240,1.22e-29,120,54.15
NP_828855.1,ADF78097.1,33.495,206,127,5,1,203,1,199,1.33e-29,119,54.37
NP_828855.1,ACB87499.1,33.981,206,132,3,3,204,2,207,1.46e-29,119,55.83
NP_828855.1,AJD09504.1,33.981,206,132,3,3,204,2,207,1.49e-29,119,55.83
NP_828855.1,AJD09523.1,34.466,206,131,3,3,204,2,207,1.59e-29,119,55.83
NP_828855.1,AAV28726.1,33.981,206,126,5,1,203,1,199,1.77e-29,119,54.85
NP_828855.1,AAK83027.1,33.981,206,126,5,1,203,1,199,1.79e-29,119,55.34
NP_828855.1,AGI02605.1,33.981,206,132,3,3,204,2,207,1.84e-29,119,55.34
NP_828855.1,ABQ84802.1,34.483,203,123,5,4,203,6,201,1.86e-29,119,54.68
NP_828855.1,AYR18445.1,32.524,206,135,3,2,203,3,208,1.88e-29,119,57.28
NP_828855.1,ASK39747.1,33.981,206,132,3,3,204,2,207,1.88e-29,119,55.83
NP_828855.1,QDE55568.1,34.300,207,132,3,2,204,3,209,1.90e-29,119,54.59
NP_828855.1,ACJ50195.1,32.843,204,127,5,3,203,6,202,1.90e-29,119,55.88
NP_828855.1,ABQ84770.1,33.981,206,126,5,1,203,1,199,1.97e-29,119,55.34
NP_828855.1,AFN88518.1,33.824,204,125,5,3,203,6,202,1.97e-29,119,55.39
NP_828855.1,ACZ67633.1,32.727,220,136,6,3,217,16,228,1.99e-29,119,54.09
NP_828855.1,ADX59491.1,32.857,210,137,3,7,212,39,248,2.02e-29,120,53.33
NP_828855.1,AFO70499.1,32.057,209,132,4,3,204,2,207,2.05e-29,119,55.50
NP_828855.1,ASM61964.1,32.843,204,127,5,3,203,6,202,2.12e-29,119,55.88
NP_828855.1,ABQ84778.1,33.184,223,137,6,1,214,1,220,2.21e-29,119,53.81
NP_828855.1,AXR85436.1,33.990,203,124,5,4,203,7,202,2.21e-29,119,55.17
NP_828855.1,AYR18415.1,32.850,207,135,3,1,203,1,207,2.24e-29,119,58.45
NP_828855.1,ABF61583.1,32.432,222,140,5,1,214,1,220,2.38e-29,119,52.25
NP_828855.1,AFQ55887.1,32.057,209,132,4,3,204,2,207,2.57e-29,119,55.50
NP_828855.1,ACZ67643.1,32.579,221,137,6,3,214,2,219,2.67e-29,119,53.85
NP_828855.1,YP_009199793.1,31.944,216,143,3,1,212,1,216,2.69e-29,119,56.02
NP_828855.1,QCX35173.1,32.456,228,146,5,1,220,1,228,2.70e-29,119,54.39
NP_828855.1,AAX44146.1,33.981,206,126,5,1,203,20,218,2.71e-29,119,55.34
NP_828855.1,AFV59249.1,33.981,206,132,3,3,204,2,207,2.83e-29,119,55.83
NP_828855.1,QDF43802.1,32.524,206,135,3,2,203,3,208,3.10e-29,119,57.28
NP_828855.1,ATE90984.1,34.804,204,123,5,3,203,6,202,3.29e-29,119,54.41
NP_828855.1,AJR29317.1,33.824,204,125,5,3,203,6,202,3.32e-29,119,55.39
NP_828855.1,ADA83491.1,33.495,206,127,5,1,203,1,199,3.36e-29,118,54.85
NP_828855.1,ABX84002.1,33.981,206,132,3,3,204,2,207,3.39e-29,119,55.34
NP_828855.1,ATE90971.1,34.634,205,124,5,2,203,5,202,3.39e-29,119,54.15
NP_828855.1,ABQ96872.1,33.981,206,126,5,1,203,1,199,3.40e-29,118,54.37
NP_828855.1,ACV87272.1,33.981,206,126,5,1,203,1,199,3.47e-29,118,54.85
NP_828855.1,AYR18534.1,33.981,206,132,3,2,203,3,208,3.49e-29,119,57.77
NP_828855.1,AFZ88836.1,33.333,204,126,5,3,203,6,202,3.50e-29,119,55.39
NP_828855.1,AHK25062.1,34.634,205,130,3,4,204,3,207,3.58e-29,119,56.10
NP_828855.1,ABF61506.1,32.735,223,138,6,1,214,1,220,3.77e-29,118,52.91
NP_828855.1,ANA96051.1,33.493,209,135,3,4,208,3,211,3.78e-29,118,54.55
NP_828855.1,AFS18114.1,33.824,204,125,5,3,203,6,202,3.90e-29,118,54.90
NP_828855.1,ABQ84857.1,32.843,204,127,5,3,203,6,202,4.25e-29,118,54.41
NP_828855.1,ABQ84873.1,32.843,204,127,5,3,203,6,202,4.29e-29,118,55.88
NP_828855.1,AOV85637.1,34.466,206,131,3,3,204,2,207,4.53e-29,118,55.83
NP_828855.1,AYA44705.1,33.981,206,126,5,1,203,1,199,4.58e-29,118,54.85
NP_828855.1,AUD08947.1,33.495,206,133,3,3,204,2,207,4.83e-29,118,55.34
NP_828855.1,AAK83028.1,33.981,206,126,5,1,203,1,199,4.93e-29,118,54.85
NP_828855.1,AAX39760.1,33.981,206,126,5,1,203,1,199,4.93e-29,118,54.85
NP_828855.1,AAP86210.1,32.093,215,136,5,3,214,6,213,4.93e-29,118,53.49
NP_828855.1,AAK50027.1,34.483,203,123,5,4,203,6,201,5.18e-29,118,54.68
NP_828855.1,ACS45215.1,32.843,204,127,5,3,203,6,202,5.32e-29,118,54.41
NP_828855.1,ACS45216.1,32.843,204,127,5,3,203,6,202,5.49e-29,118,54.41
NP_828855.1,QHA24699.1,34.300,207,132,3,1,203,1,207,5.63e-29,118,57.49
NP_828855.1,AYR18464.1,33.981,206,132,3,2,203,3,208,5.65e-29,118,57.77
NP_828855.1,QDQ69177.1,34.146,205,125,5,2,203,37,234,5.67e-29,119,54.63
NP_828855.1,QHQ97047.1,33.981,206,132,3,3,204,2,207,5.67e-29,118,56.31
NP_828855.1,AWK59934.1,32.057,209,132,4,3,204,2,207,6.17e-29,118,55.50
NP_828855.1,CAZ86703.1,33.659,205,126,5,2,203,5,202,6.24e-29,118,54.15
NP_828855.1,APU51842.1,32.843,204,127,5,3,203,5,201,6.42e-29,118,54.90
NP_828855.1,ACV81754.1,33.495,206,133,3,3,204,2,207,6.51e-29,118,55.83
NP_828855.1,ABF61535.1,33.981,206,126,5,1,203,1,199,6.72e-29,117,54.37
NP_828855.1,ACZ67634.1,33.333,204,126,5,3,203,16,212,7.02e-29,118,54.90
NP_828855.1,ACZ67632.1,33.333,204,126,5,3,203,16,212,7.17e-29,118,54.90
NP_828855.1,ADV71818.1,33.981,206,126,5,1,203,1,199,7.25e-29,117,54.85
NP_828855.1,AAK50025.1,33.981,206,126,5,1,203,1,199,7.56e-29,117,54.37
NP_828855.1,AJD09521.1,34.634,205,130,3,4,204,3,207,7.64e-29,117,55.61
NP_828855.1,ALH21115.1,33.498,203,125,5,4,203,6,201,7.70e-29,117,54.68
NP_828855.1,ASV51730.1,34.951,206,130,3,3,204,2,207,7.73e-29,117,55.83
NP_828855.1,ARS22464.1,34.314,204,124,5,3,203,6,202,7.73e-29,117,53.43
NP_828855.1,AFZ88834.1,33.824,204,125,5,3,203,6,202,7.81e-29,117,54.90
NP_828855.1,ABQ84810.1,33.333,204,126,5,3,203,6,202,8.33e-29,117,54.90
NP_828855.1,AAX39759.1,33.981,206,126,5,1,203,1,199,8.33e-29,117,54.37
NP_828855.1,AYR18546.1,33.333,207,134,3,1,203,1,207,8.45e-29,117,57.97
NP_828855.1,APY23537.1,32.843,204,127,5,3,203,6,202,8.51e-29,117,55.39
NP_828855.1,AYR18594.1,33.010,206,134,3,2,203,3,208,8.56e-29,117,57.28
NP_828855.1,ACD93207.1,34.314,204,124,5,3,203,2,198,8.57e-29,117,53.92
NP_828855.1,QEY95706.1,33.824,204,125,5,3,203,6,202,8.69e-29,117,54.41
NP_828855.1,QEY95697.1,34.314,204,124,5,3,203,5,201,8.75e-29,117,53.92
NP_828855.1,AJT47954.1,35.417,192,118,4,3,191,2,190,8.86e-29,117,55.21
NP_828855.1,AAK50024.1,33.981,206,126,5,1,203,1,199,8.88e-29,117,54.37
NP_828855.1,ADA83471.1,33.981,206,126,5,1,203,1,199,9.07e-29,117,54.37
NP_828855.1,AFQ94235.1,33.333,204,126,5,3,203,6,202,9.17e-29,117,54.90
NP_828855.1,AXB38898.1,34.536,194,121,4,1,191,4,194,9.37e-29,117,56.19
NP_828855.1,ARI46224.1,33.182,220,135,6,4,214,6,222,9.43e-29,117,53.64
NP_828855.1,YP_009201733.1,30.942,223,149,4,2,219,3,225,9.63e-29,117,55.61
NP_828855.1,ABF61477.1,32.127,221,138,6,3,214,2,219,1.01e-28,117,53.85
NP_828855.1,AYA44725.1,33.981,206,126,5,1,203,1,199,1.02e-28,117,54.37
NP_828855.1,YP_001941170.1,33.495,206,127,5,1,203,1,199,1.06e-28,117,54.85
NP_828855.1,AAO33466.1,34.483,203,123,5,4,203,6,201,1.07e-28,117,54.68
NP_828855.1,ARB66184.1,32.353,204,128,5,3,203,5,201,1.08e-28,117,54.90
NP_828855.1,AEG64622.1,32.843,204,127,5,3,203,6,202,1.15e-28,117,55.39
NP_828855.1,AAK50035.1,33.981,206,126,5,1,203,1,199,1.16e-28,117,54.85
NP_828855.1,QDQ69138.1,33.498,203,125,5,4,203,7,202,1.17e-28,117,54.19
NP_828855.1,AAP86208.1,33.981,206,126,5,1,203,1,199,1.17e-28,117,54.85
NP_828855.1,AFQ31014.1,32.843,204,127,5,3,203,6,202,1.26e-28,117,55.39
NP_828855.1,ADW77296.1,33.990,203,124,5,4,203,6,201,1.27e-28,117,55.17
NP_828855.1,QDF43792.1,32.524,206,135,3,2,203,3,208,1.30e-28,117,56.80
NP_828855.1,ACV87261.1,33.981,206,126,5,1,203,1,199,1.33e-28,117,54.37
NP_828855.1,AEO86772.1,33.498,203,125,5,4,203,7,202,1.36e-28,117,55.17
NP_828855.1,ASU92400.1,33.990,203,124,5,4,203,6,201,1.43e-28,117,54.68
NP_828855.1,ABQ96871.1,33.495,206,127,5,1,203,1,199,1.46e-28,117,54.37
NP_828855.1,AAK50030.1,33.990,203,124,5,4,203,6,201,1.59e-28,117,55.17
NP_828855.1,ACM45233.1,33.495,206,127,5,1,203,1,199,1.65e-28,117,54.37
NP_828855.1,AAK50037.1,33.495,206,127,5,1,203,1,199,1.65e-28,117,54.37
NP_828855.1,ARS22424.1,32.843,204,127,5,3,203,6,202,1.72e-28,117,54.90
NP_828855.1,ACA81416.1,33.981,206,132,3,3,204,2,207,1.72e-28,117,55.83
NP_828855.1,ABF61520.1,29.630,216,142,4,2,214,5,213,1.78e-28,117,54.63
NP_828855.1,ABF61469.1,31.818,220,140,5,3,214,2,219,1.85e-28,116,53.18
NP_828855.1,QED88043.1,31.481,216,138,4,3,211,2,214,1.88e-28,117,53.70
NP_828855.1,AYG86351.1,32.843,204,127,5,3,203,6,202,1.88e-28,117,54.90
NP_828855.1,AYA44695.1,33.495,206,127,5,1,203,1,199,1.90e-28,116,54.37
NP_828855.1,AAX39758.1,33.981,206,126,5,1,203,1,199,2.04e-28,116,55.34
NP_828855.1,AYR18439.1,32.850,207,135,3,1,203,1,207,2.07e-28,116,57.97
NP_828855.1,AAS89770.1,32.057,209,132,4,3,204,2,207,2.25e-28,116,55.02
NP_828855.1,QDY92363.1,31.308,214,137,4,4,214,7,213,2.25e-28,116,51.87
NP_828855.1,ADX59461.1,31.982,222,146,4,2,219,6,226,2.30e-28,116,55.41
NP_828855.1,ACE80212.1,32.843,204,127,5,3,203,6,202,2.30e-28,116,54.90
NP_828855.1,AFS18101.1,31.818,220,138,6,3,217,6,218,2.32e-28,116,54.09
NP_828855.1,ABQ84826.1,31.818,220,138,6,3,217,6,218,2.32e-28,116,54.09
NP_828855.1,ARS22454.1,32.843,204,127,5,3,203,6,202,2.40e-28,116,55.39
NP_828855.1,ABD34826.1,32.536,209,131,4,3,204,2,207,2.42e-28,116,55.02
NP_828855.1,QEY95707.1,33.498,203,125,5,4,203,6,201,2.60e-28,116,55.17
NP_828855.1,AAP92679.1,31.651,218,141,5,3,217,6,218,2.64e-28,116,53.21
NP_828855.1,AZN28590.1,34.123,211,130,4,3,204,2,212,2.71e-28,116,54.50
NP_828855.1,AGT51369.1,32.057,209,132,4,3,204,2,207,2.73e-28,116,55.02
NP_828855.1,AFS18107.1,31.818,220,138,6,3,217,6,218,2.87e-28,116,53.18
NP_828855.1,ARE29965.1,32.057,209,132,4,3,204,2,207,2.94e-28,116,55.50
NP_828855.1,ABQ84889.1,32.843,204,127,5,3,203,6,202,3.03e-28,116,55.39
NP_828855.1,AND76862.1,33.990,203,124,5,4,203,6,201,3.15e-28,116,54.68
NP_828855.1,AJP16716.1,33.824,204,125,5,3,203,2,198,3.22e-28,116,53.92
NP_828855.1,ABF61573.1,29.630,216,142,4,2,214,5,213,3.34e-28,116,54.17
NP_828855.1,ACZ67631.1,31.818,220,138,6,3,217,6,218,3.37e-28,116,54.09
NP_828855.1,AAX39762.1,35.602,191,117,4,4,191,6,193,3.44e-28,116,56.02
NP_828855.1,ALQ43519.1,33.495,206,127,5,1,203,1,199,3.45e-28,116,54.37
NP_828855.1,AAX39763.1,33.990,203,124,5,4,203,6,201,3.47e-28,116,54.68
NP_828855.1,ASO96553.1,34.286,210,130,4,3,204,2,211,3.49e-28,116,54.76
NP_828855.1,APP92733.1,32.127,221,138,6,3,214,2,219,3.59e-28,115,53.39
NP_828855.1,ACV87238.1,32.287,223,139,6,1,214,1,220,3.64e-28,116,52.91
NP_828855.1,ACR55674.1,31.818,220,138,6,3,217,6,218,4.00e-28,115,54.09
NP_828855.1,APX44069.1,32.843,204,127,5,3,203,8,204,4.16e-28,115,55.39
NP_828855.1,ADV71756.1,33.824,204,125,5,3,203,2,198,4.17e-28,115,54.41
NP_828855.1,AYR18403.1,33.010,206,134,3,2,203,3,208,4.25e-28,115,57.28
NP_828855.1,ABC87313.1,32.057,209,132,4,3,204,2,207,4.41e-28,115,55.02
NP_828855.1,AFN88519.1,31.818,220,138,6,3,217,6,218,4.45e-28,115,54.09
NP_828855.1,ADI54959.1,31.818,220,138,6,3,217,6,218,4.50e-28,115,53.64
NP_828855.1,AFZ88835.1,33.005,203,126,5,4,203,6,201,4.54e-28,115,55.17
NP_828855.1,AND76838.1,33.990,203,124,5,4,203,6,201,4.54e-28,115,54.19
NP_828855.1,YP_009380524.1,30.734,218,146,3,7,219,28,245,4.87e-28,116,52.29
NP_828855.1,AND76822.1,33.990,203,124,5,4,203,6,201,4.89e-28,115,54.19
NP_828855.1,QDQ69164.1,33.659,205,126,5,2,203,37,234,5.01e-28,116,54.15
NP_828855.1,AIB54162.1,32.127,221,138,6,3,214,6,223,5.06e-28,115,52.94
NP_828855.1,ACT31317.1,33.333,204,126,5,3,203,2,198,5.21e-28,115,53.43
NP_828855.1,APD51510.1,31.818,220,145,4,5,219,4,223,5.23e-28,115,53.18
NP_828855.1,ABF61483.1,29.630,216,142,4,2,214,5,213,5.23e-28,115,54.17
NP_828855.1,AAK50033.1,32.524,206,129,5,1,203,1,199,5.34e-28,115,54.37
NP_828855.1,QHI01620.1,32.843,204,127,5,3,203,6,202,5.40e-28,115,54.90
NP_828855.1,Q910E2.1,33.981,206,126,5,1,203,1,199,5.46e-28,115,54.37
NP_828855.1,ACR55675.1,33.178,214,133,5,4,214,6,212,5.50e-28,115,52.34
NP_828855.1,AFS18105.1,31.818,220,138,6,3,217,6,218,5.63e-28,115,53.64
NP_828855.1,ACE88707.2,33.005,203,126,5,4,203,6,201,6.12e-28,115,55.17
NP_828855.1,ATP66769.1,31.651,218,144,3,7,219,29,246,6.23e-28,116,52.29
NP_828855.1,AFS18098.1,32.719,217,138,4,4,217,6,217,6.25e-28,115,52.53
NP_828855.1,ACS45214.1,31.818,220,138,6,3,217,6,218,6.40e-28,115,54.09
NP_828855.1,ACZ67619.1,33.498,203,125,5,4,203,6,201,6.66e-28,115,54.68
NP_828855.1,AAX39761.1,33.990,203,124,5,4,203,6,201,7.03e-28,115,54.68
NP_828855.1,ACE95722.1,33.495,206,127,5,1,203,1,199,7.13e-28,115,54.37
NP_828855.1,P69603.1,33.005,203,126,5,4,203,6,201,7.41e-28,115,55.17
NP_828855.1,AEG64623.1,31.674,221,139,6,3,214,2,219,7.50e-28,115,53.39
NP_828855.1,AFQ98266.1,31.364,220,139,6,3,217,6,218,7.51e-28,115,53.18
NP_828855.1,ACZ67618.1,33.005,203,126,5,4,203,6,201,7.90e-28,115,55.17
NP_828855.1,YP_009755893.1,29.464,224,153,4,1,219,9,232,7.96e-28,115,53.12
NP_828855.1,AFN88520.1,31.818,220,138,6,3,217,6,218,8.10e-28,115,53.64
NP_828855.1,AFS18103.1,31.818,220,138,6,3,217,6,218,8.27e-28,115,53.64
NP_828855.1,QIM61644.1,33.498,203,125,5,4,203,6,201,8.60e-28,115,54.19
NP_828855.1,P05136.1,33.005,203,126,5,4,203,6,201,8.70e-28,115,54.19
NP_828855.1,AIY51832.1,33.990,203,124,5,4,203,6,201,8.70e-28,115,54.19
NP_828855.1,ADV71743.1,33.005,203,126,5,4,203,6,201,8.79e-28,115,54.68
NP_828855.1,AYR18409.1,32.367,207,136,3,1,203,1,207,9.04e-28,115,57.49
NP_828855.1,APD51486.1,33.495,206,133,3,3,204,2,207,9.10e-28,115,54.37
NP_828855.1,AJP08752.1,33.493,209,126,6,1,203,1,202,9.37e-28,115,53.59
NP_828855.1,AFS18113.1,32.353,204,128,5,3,203,6,202,9.40e-28,115,54.41
NP_828855.1,AFN88512.1,31.364,220,139,6,3,217,6,218,9.50e-28,115,54.09
NP_828855.1,ANQ45739.1,33.493,209,126,6,1,203,1,202,9.68e-28,115,53.59
NP_828855.1,ACO37578.1,32.710,214,134,5,4,214,6,212,9.78e-28,115,52.34
NP_828855.1,AFV92601.1,33.990,203,124,5,4,203,6,201,9.78e-28,115,54.19
NP_828855.1,ANO81458.1,33.493,209,126,6,1,203,1,202,9.81e-28,115,53.59
NP_828855.1,ACR16060.1,32.877,219,135,6,4,217,6,217,9.89e-28,115,53.42
NP_828855.1,ASU92392.1,33.824,204,125,5,3,203,2,198,9.89e-28,115,54.41
NP_828855.1,QDA76223.1,33.493,209,126,6,1,203,1,202,9.92e-28,115,53.59
NP_828855.1,AKV63209.1,33.498,203,125,5,4,203,6,201,1.01e-27,115,54.68
NP_828855.1,QDA76232.1,33.014,209,127,6,1,203,1,202,1.03e-27,115,53.59
NP_828855.1,YP_009336486.1,31.193,218,145,3,7,219,28,245,1.04e-27,115,52.29
NP_828855.1,ARB66166.1,33.005,203,126,5,4,203,6,201,1.04e-27,115,54.68
NP_828855.1,AEF98434.1,32.273,220,137,6,4,214,6,222,1.05e-27,115,52.73
NP_828855.1,QCQ81106.1,33.990,203,124,5,4,203,6,201,1.07e-27,115,54.19
NP_828855.1,ACS45206.1,32.432,222,138,6,4,220,6,220,1.08e-27,114,53.60
NP_828855.1,ACQ91087.1,31.818,220,138,6,3,217,6,218,1.08e-27,115,54.09
NP_828855.1,APZ73719.1,33.990,203,124,5,4,203,6,201,1.10e-27,114,54.19
NP_828855.1,ABQ84850.1,32.877,219,135,6,4,217,6,217,1.10e-27,114,53.42
NP_828855.1,ACR16068.1,32.877,219,135,6,4,217,6,217,1.11e-27,114,53.42
NP_828855.1,ACS45208.1,31.818,220,138,6,3,217,6,218,1.12e-27,114,54.09
NP_828855.1,ADV71793.1,32.683,205,129,4,1,203,1,198,1.15e-27,114,53.17
NP_828855.1,AHB73993.1,33.014,209,127,6,1,203,1,202,1.16e-27,114,53.59
NP_828855.1,AXQ05205.1,33.498,203,125,5,4,203,9,204,1.17e-27,114,54.68
NP_828855.1,AHY19802.1,33.005,203,126,5,4,203,6,201,1.17e-27,114,52.71
NP_828855.1,ACR16066.1,32.877,219,135,6,4,217,6,217,1.20e-27,114,53.42
NP_828855.1,AAK50028.1,33.498,203,125,5,4,203,6,201,1.20e-27,114,54.68
NP_828855.1,ADA83551.1,33.005,203,126,5,4,203,6,201,1.20e-27,114,54.68
NP_828855.1,AAK50032.1,33.498,203,125,5,4,203,6,201,1.22e-27,114,54.68
NP_828855.1,YP_003770.1,32.057,209,132,4,3,204,2,207,1.23e-27,114,55.02
NP_828855.1,QDA76331.1,33.498,203,125,5,4,203,6,201,1.24e-27,114,54.68
NP_828855.1,QDH43733.1,31.579,209,133,4,3,204,2,207,1.27e-27,114,55.02
NP_828855.1,AAP86206.1,33.005,203,126,5,4,203,6,201,1.33e-27,114,55.17
NP_828855.1,AFS18108.1,31.364,220,139,6,3,217,6,218,1.35e-27,114,54.09
NP_828855.1,ACS45217.1,32.710,214,134,5,4,214,6,212,1.36e-27,114,52.34
NP_828855.1,ARI44796.1,31.163,215,144,3,2,212,3,217,1.42e-27,114,53.95
NP_828855.1,AMK51952.1,33.990,203,124,5,4,203,6,201,1.50e-27,114,54.19
NP_828855.1,AEO72080.1,34.000,200,124,4,9,204,3,198,1.51e-27,114,56.50
NP_828855.1,ARI46296.1,33.498,203,125,5,4,203,6,201,1.55e-27,114,54.19
NP_828855.1,ARI44791.1,31.163,215,144,3,2,212,3,217,1.60e-27,114,53.95
NP_828855.1,ANO81447.1,33.036,224,136,7,1,217,1,217,1.60e-27,114,53.57
NP_828855.1,ABW75142.1,33.010,206,128,5,1,203,1,199,1.66e-27,114,53.40
NP_828855.1,AFJ11180.1,31.925,213,126,5,4,203,7,213,1.67e-27,114,52.58
NP_828855.1,AHN54762.1,33.005,203,126,5,4,203,7,202,1.67e-27,114,54.19
NP_828855.1,ARS23156.1,34.010,197,121,5,1,191,1,194,1.69e-27,114,54.82
NP_828855.1,ACR16061.1,32.877,219,135,6,4,217,6,217,1.76e-27,114,53.42
NP_828855.1,ABG36799.1,32.727,220,136,6,4,214,6,222,1.84e-27,114,52.73
NP_828855.1,ACE95721.1,32.877,219,135,6,4,217,6,217,1.86e-27,114,53.42
NP_828855.1,AHX25933.1,32.877,219,137,5,4,214,6,222,1.88e-27,114,53.42
NP_828855.1,AAK91808.1,33.005,203,126,5,4,203,6,201,1.88e-27,114,54.68
NP_828855.1,P69606.1,33.005,203,126,5,4,203,6,201,1.94e-27,114,54.68
NP_828855.1,AEL12225.1,33.005,203,126,5,4,203,6,201,1.96e-27,114,54.68
NP_828855.1,ACR16062.1,32.877,219,135,6,4,217,6,217,1.96e-27,114,53.42
NP_828855.1,ACS45210.1,32.877,219,135,6,4,217,6,217,2.09e-27,114,52.97
NP_828855.1,AIB54165.1,32.877,219,135,6,4,217,6,217,2.09e-27,114,53.42
NP_828855.1,ABF61559.1,31.674,221,139,6,3,214,2,219,2.13e-27,114,52.49
NP_828855.1,CEK09112.1,32.127,221,138,6,2,217,3,216,2.15e-27,114,52.49
NP_828855.1,ACS45211.1,34.031,191,120,4,4,191,6,193,2.18e-27,114,56.02
NP_828855.1,APY23492.1,33.498,203,125,5,4,203,6,201,2.27e-27,114,53.69
NP_828855.1,AFK30969.1,32.273,220,137,6,4,214,6,222,2.27e-27,114,52.73
NP_828855.1,ATP66740.1,31.193,218,145,3,7,219,29,246,2.35e-27,114,51.83
NP_828855.1,ADY62546.1,32.420,219,138,5,4,214,6,222,2.42e-27,114,52.97
NP_828855.1,ACR55677.1,32.710,214,134,5,4,214,6,212,2.50e-27,114,52.34
NP_828855.1,P12649.1,33.498,203,125,5,4,203,6,201,2.50e-27,114,54.68
NP_828855.1,API80974.1,33.014,209,127,6,1,203,1,202,2.59e-27,114,53.59
NP_828855.1,ABI93204.1,31.963,219,137,6,4,217,1,212,2.62e-27,113,52.97
NP_828855.1,AAT70776.1,33.498,203,125,5,4,203,6,201,2.64e-27,114,54.19
NP_828855.1,Q9J3N8.2,33.005,203,126,5,4,203,6,201,2.69e-27,114,54.19
NP_828855.1,ACJ12838.1,33.005,203,126,5,4,203,6,201,2.72e-27,114,54.19
NP_828855.1,AHX26167.1,32.512,203,127,5,4,203,6,201,2.72e-27,114,55.17
NP_828855.1,APY26802.1,33.498,203,125,5,4,203,6,201,2.75e-27,114,54.19
NP_828855.1,ARI46248.1,32.727,220,136,6,4,214,6,222,2.78e-27,114,53.18
NP_828855.1,ACS45209.1,33.990,203,124,5,4,203,6,201,2.84e-27,114,53.69
NP_828855.1,ABF61543.1,31.674,221,139,6,3,214,2,219,2.85e-27,113,52.94
NP_828855.1,AFS18104.1,31.364,220,139,6,3,217,6,218,2.91e-27,114,53.64
NP_828855.1,QDQ69203.1,33.014,209,127,6,1,203,1,202,2.94e-27,114,53.59
NP_828855.1,AYR18588.1,33.333,207,134,3,1,203,1,207,2.98e-27,114,57.00
NP_828855.1,AIB54160.1,33.990,203,124,5,4,203,6,201,2.99e-27,113,54.19
NP_828855.1,AIB54166.1,33.014,209,127,6,1,203,1,202,3.01e-27,114,52.63
NP_828855.1,QAV53736.1,33.498,203,125,5,4,203,6,201,3.06e-27,113,53.20
NP_828855.1,ABG36783.1,33.990,203,124,5,4,203,6,201,3.13e-27,113,55.17
NP_828855.1,QHI01610.1,31.863,204,129,5,3,203,6,202,3.42e-27,113,54.41
NP_828855.1,AFZ88833.1,32.353,204,128,5,3,203,6,202,3.49e-27,113,54.41
NP_828855.1,AGZ20166.1,33.498,203,125,5,4,203,6,201,3.52e-27,113,53.69
NP_828855.1,ADW77308.1,33.014,209,127,6,1,203,1,202,3.60e-27,113,53.11
NP_828855.1,AFS18117.1,33.990,203,124,5,4,203,6,201,3.87e-27,113,54.19
NP_828855.1,AHB78804.1,33.014,209,127,6,1,203,1,202,3.93e-27,113,53.11
NP_828855.1,ABG36791.1,31.818,220,138,6,4,214,6,222,4.40e-27,113,52.73
NP_828855.1,ACZ67644.1,33.824,204,125,5,3,203,6,202,4.41e-27,113,55.39
NP_828855.1,AIB54167.1,33.014,209,127,6,1,203,1,202,4.50e-27,113,53.11
NP_828855.1,AQY55870.1,33.498,203,125,5,4,203,6,201,4.50e-27,113,53.20
NP_828855.1,AAS00084.1,33.498,203,125,5,4,203,6,201,4.59e-27,113,54.68
NP_828855.1,AAF67559.1,35.000,180,112,3,4,180,6,183,4.75e-27,112,57.22
NP_828855.1,QGM12382.1,33.498,203,125,5,4,203,6,201,4.95e-27,113,53.69
NP_828855.1,ACJ50163.1,33.659,205,126,5,2,203,4,201,5.22e-27,113,55.12
NP_828855.1,ATP66791.1,30.734,218,146,3,7,219,29,246,5.39e-27,113,51.83
NP_828855.1,QGM12408.1,33.498,203,125,5,4,203,6,201,5.45e-27,113,53.69
NP_828855.1,YP_009328938.1,31.068,206,138,3,3,204,6,211,5.46e-27,113,56.31
NP_828855.1,QDA76250.1,32.000,225,138,7,1,217,1,218,5.64e-27,113,51.11
NP_828855.1,AQY55879.1,33.005,203,126,5,4,203,6,201,5.68e-27,113,53.69
NP_828855.1,QDA76259.1,32.243,214,135,5,4,214,6,212,5.68e-27,113,51.87
NP_828855.1,APY23546.1,32.536,209,128,6,1,203,1,202,6.08e-27,112,53.11
NP_828855.1,QGM12420.1,33.498,203,125,5,4,203,6,201,6.12e-27,112,53.20
NP_828855.1,ABW75128.1,33.333,204,126,5,3,203,2,198,6.40e-27,112,53.92
NP_828855.1,AVI69523.1,32.877,219,137,5,4,214,6,222,6.67e-27,112,53.42
NP_828855.1,ACS45213.1,33.990,203,124,5,4,203,6,201,6.96e-27,112,53.20
NP_828855.1,QEY95709.1,33.990,203,124,5,4,203,6,201,7.17e-27,112,54.19
NP_828855.1,APV46188.1,34.031,191,120,4,4,191,6,193,7.34e-27,112,54.97
NP_828855.1,AIB54169.1,32.536,209,128,6,1,203,1,202,7.44e-27,112,52.63
NP_828855.1,ARS22434.1,32.843,204,127,5,3,203,6,202,7.68e-27,112,54.90
NP_828855.1,QDO71791.1,33.014,209,127,6,1,203,1,202,7.76e-27,112,53.11
NP_828855.1,AAF67558.1,35.000,180,112,3,4,180,6,183,7.94e-27,111,57.22
NP_828855.1,ABM54579.1,33.005,203,126,5,4,203,1,196,8.11e-27,112,53.69
NP_828855.1,QDA76268.1,33.498,203,125,5,4,203,6,201,8.25e-27,112,53.69
NP_828855.1,AFN88513.1,32.420,219,136,6,4,217,6,217,8.52e-27,112,52.97
NP_828855.1,QAV53737.1,33.498,203,125,5,4,203,6,201,8.71e-27,112,53.20
NP_828855.1,ACZ67620.1,33.498,203,125,5,4,203,6,201,8.80e-27,112,53.69
NP_828855.1,APV46161.1,33.005,203,126,5,4,203,6,201,8.89e-27,112,53.69
NP_828855.1,AKS25256.1,33.498,203,125,5,4,203,6,201,8.99e-27,112,53.69
NP_828855.1,AAK50029.1,33.005,203,126,5,4,203,6,201,9.08e-27,112,53.69
NP_828855.1,ATD12175.1,33.014,209,127,6,1,203,1,202,9.11e-27,112,52.63
NP_828855.1,QEY95710.1,33.990,203,124,5,4,203,6,201,9.28e-27,112,53.20
NP_828855.1,ACV87250.1,33.005,203,126,5,4,203,6,201,9.58e-27,112,54.19
NP_828855.1,ACJ50171.1,33.182,220,135,6,4,214,6,222,9.58e-27,112,53.18
NP_828855.1,ACC94330.1,33.498,203,125,5,4,203,6,201,9.68e-27,112,54.19
NP_828855.1,AHJ77580.1,33.498,203,125,5,4,203,6,201,9.68e-27,112,53.69
NP_828855.1,ACZ67623.1,33.498,203,125,5,4,203,6,201,1.05e-26,112,53.69
NP_828855.1,ADW77300.1,33.498,203,125,5,4,203,6,201,1.07e-26,112,53.69
NP_828855.1,AFV92600.1,33.014,209,127,6,1,203,1,202,1.08e-26,112,52.63
NP_828855.1,APY26793.1,33.005,203,126,5,4,203,6,201,1.10e-26,112,53.69
NP_828855.1,AAP68695.1,32.512,203,127,5,4,203,6,201,1.11e-26,112,54.68
NP_828855.1,YP_009199612.1,31.481,216,144,3,1,212,1,216,1.13e-26,112,55.09
NP_828855.1,QBG64660.1,30.734,218,146,3,7,219,29,246,1.16e-26,112,51.38
NP_828855.1,ACS44222.1,33.019,212,135,5,16,220,50,261,1.16e-26,113,55.19
NP_828855.1,ACZ17397.1,32.843,204,127,5,3,203,6,202,1.16e-26,112,53.43
NP_828855.1,APV46143.1,32.420,219,136,6,4,217,6,217,1.28e-26,112,52.51
NP_828855.1,APY23573.1,33.005,203,126,5,4,203,6,201,1.31e-26,112,53.69
NP_828855.1,ARB66112.1,33.005,203,126,5,4,203,6,201,1.38e-26,112,53.20
NP_828855.1,ARB66175.1,33.005,203,126,5,4,203,6,201,1.38e-26,112,53.69
NP_828855.1,AEO72082.1,34.737,190,116,4,19,204,1,186,1.39e-26,111,57.37
NP_828855.1,APZ73764.1,33.498,203,125,5,4,203,6,201,1.41e-26,112,53.69
NP_828855.1,APW85789.1,33.498,203,125,5,4,203,6,201,1.42e-26,112,52.71
NP_828855.1,QIV13713.1,31.818,220,138,6,4,214,6,222,1.44e-26,112,52.27
NP_828855.1,AMR60484.1,32.420,219,136,6,4,217,6,217,1.48e-26,112,52.97
NP_828855.1,APU51851.1,33.495,206,121,6,4,203,6,201,1.52e-26,112,51.94
NP_828855.1,ABF61490.1,31.390,223,141,6,1,214,1,220,1.52e-26,112,52.02
NP_828855.1,AFQ31004.1,31.553,206,131,5,1,203,3,201,1.56e-26,112,54.37
NP_828855.1,AFS18096.1,32.273,220,137,6,3,217,5,217,1.62e-26,112,52.27
NP_828855.1,APZ73829.1,33.005,203,126,5,4,203,6,201,1.63e-26,112,53.69
NP_828855.1,ABI93203.1,32.420,219,136,6,4,217,1,212,1.64e-26,111,52.51
NP_828855.1,ACZ67646.1,32.512,203,127,5,4,203,6,201,1.70e-26,111,54.68
NP_828855.1,AQU42845.1,40.714,140,83,0,6,145,1,140,1.70e-26,109,63.57
NP_828855.1,AQY55843.1,33.005,203,126,5,4,203,6,201,1.72e-26,111,53.20
NP_828855.1,APZ73773.1,33.005,203,126,5,4,203,6,201,1.76e-26,111,53.69
NP_828855.1,AAP68692.1,33.498,203,125,5,4,203,7,202,1.78e-26,111,54.68
NP_828855.1,QEY95717.1,33.498,203,125,5,4,203,6,201,1.80e-26,111,53.69
NP_828855.1,AOC59729.1,33.990,203,124,5,4,203,6,201,1.87e-26,111,55.17
NP_828855.1,ARB66148.1,33.495,206,121,6,4,203,6,201,1.94e-26,111,52.43
NP_828855.1,AKF17728.1,30.568,229,137,5,1,214,1,222,2.00e-26,112,49.78
NP_828855.1,ACR55678.1,32.243,214,135,5,4,214,6,212,2.04e-26,111,51.87
NP_828855.1,AOC59735.1,35.079,191,118,4,4,191,6,193,2.06e-26,111,56.54
NP_828855.1,AIB54164.1,33.498,203,125,5,4,203,6,201,2.09e-26,111,53.69
NP_828855.1,AWJ64266.1,32.018,228,147,5,1,220,1,228,2.10e-26,111,52.19
NP_828855.1,APY23582.1,33.498,203,125,5,4,203,6,201,2.11e-26,111,53.20
NP_828855.1,AHX26149.1,33.005,203,126,5,4,203,6,201,2.13e-26,111,53.20
NP_828855.1,QGM12395.1,33.498,203,125,5,4,203,6,201,2.15e-26,111,53.20
NP_828855.1,AIN55780.1,33.019,212,135,5,16,220,52,263,2.17e-26,112,55.66
NP_828855.1,ACH72808.1,32.243,214,135,5,4,214,6,212,2.22e-26,111,51.87
NP_828855.1,APZ73692.1,33.498,203,125,5,4,203,6,201,2.25e-26,111,53.69
NP_828855.1,AAV98208.1,33.005,203,126,5,4,203,6,201,2.27e-26,111,53.69
NP_828855.1,APV46134.1,33.498,203,125,5,4,203,6,201,2.30e-26,111,53.69
NP_828855.1,AFN88514.1,33.005,203,126,5,4,203,6,201,2.39e-26,111,53.20
NP_828855.1,ACZ17396.1,32.353,204,128,5,3,203,6,202,2.40e-26,111,52.94
NP_828855.1,ACZ67645.1,33.498,203,125,5,4,203,6,201,2.42e-26,111,53.69
NP_828855.1,ACZ67624.1,31.963,219,137,6,4,217,6,217,2.55e-26,111,52.51
NP_828855.1,ACZ67628.1,31.963,219,137,6,4,217,6,217,2.55e-26,111,52.51
NP_828855.1,APY26740.1,33.005,203,126,5,4,203,6,201,2.66e-26,111,53.69
NP_828855.1,APV46098.1,31.963,219,137,6,4,217,6,217,2.66e-26,111,52.51
NP_828855.1,AQY61318.1,32.420,219,136,6,4,217,6,217,2.66e-26,111,52.51
NP_828855.1,ACR16067.1,33.005,203,126,5,4,203,6,201,2.69e-26,111,53.69
NP_828855.1,AJT47927.1,33.005,203,126,5,4,203,6,201,2.72e-26,111,53.20
NP_828855.1,ADW77311.1,33.005,203,126,5,4,203,6,201,2.81e-26,111,53.69
NP_828855.1,ALC78741.1,33.171,205,127,5,2,203,4,201,3.00e-26,111,53.17
NP_828855.1,AQD20759.1,33.005,203,126,5,4,203,6,201,3.13e-26,111,53.20
NP_828855.1,APV46116.1,33.005,203,126,5,4,203,6,201,3.13e-26,111,53.20
NP_828855.1,APZ73665.1,33.005,203,126,5,4,203,6,201,3.16e-26,111,53.20
NP_828855.1,ACZ67625.1,33.005,203,126,5,4,203,6,201,3.23e-26,111,53.20
NP_828855.1,ACZ67621.1,33.005,203,126,5,4,203,6,201,3.37e-26,110,53.20
NP_828855.1,APY23519.1,33.005,203,126,5,4,203,6,201,3.48e-26,110,53.20
NP_828855.1,ASU92408.1,33.990,203,124,5,4,203,6,201,3.51e-26,110,55.17
NP_828855.1,AAK50026.1,30.455,220,141,6,4,214,6,222,3.51e-26,110,53.18
NP_828855.1,P11222.1,32.512,203,127,5,4,203,6,201,3.59e-26,110,53.69
NP_828855.1,APW85780.1,33.005,203,126,5,4,203,6,201,3.71e-26,110,53.20
NP_828855.1,APZ73838.1,33.005,203,126,5,4,203,6,201,3.71e-26,110,53.20
NP_828855.1,AEO45971.1,33.005,203,126,5,4,203,6,201,3.75e-26,110,53.20
NP_828855.1,APY23564.1,33.005,203,126,5,4,203,6,201,3.75e-26,110,53.20
NP_828855.1,ARB66121.1,33.005,203,126,5,4,203,6,201,3.99e-26,110,53.20
NP_828855.1,AFQ94217.1,33.005,203,126,5,4,203,6,201,4.17e-26,110,52.71
NP_828855.1,BAN67905.1,32.547,212,136,5,16,220,51,262,4.18e-26,111,55.19
NP_828855.1,APW85771.1,32.512,203,127,5,4,203,6,201,4.21e-26,110,52.71
NP_828855.1,AAF67556.1,34.444,180,113,3,4,180,6,183,4.22e-26,109,56.11
NP_828855.1,APU51869.1,33.495,206,121,6,4,203,6,201,4.26e-26,110,51.94
NP_828855.1,AQD20705.1,33.005,203,126,5,4,203,6,201,4.30e-26,110,52.71
NP_828855.1,ARS22404.1,33.005,203,126,5,4,203,6,201,4.30e-26,110,53.20
NP_828855.1,ACZ67636.1,33.005,203,126,5,4,203,6,201,4.39e-26,110,53.20


