null,surface glycoprotein [Severe acute respiratory syndrome coronavirus 2],spike glycoprotein [Bat coronavirus RaTG13],SARS_CoV_2_ectoCSPP [synthetic construct],spike protein [Pangolin coronavirus],spike protein [Pangolin coronavirus],spike protein [Pangolin coronavirus],spike protein [Pangolin coronavirus],spike protein [Pangolin coronavirus],spike protein [Bat SARS-like coronavirus],spike protein [Bat SARS-like coronavirus],spike protein [Bat SARS-like coronavirus],spike protein [Bat SARS-like coronavirus],spike protein [SARS-like coronavirus WIV16],spike glycoprotein [recombinant coronavirus],spike protein [Bat SARS-like coronavirus RsSHC014],spike protein [Bat SARS-like coronavirus],spike glycoprotein [SARS coronavirus GZ02],spike protein [Bat SARS-like coronavirus],spike glycoprotein S [SARS coronavirus GD01],spike protein [Bat SARS-like coronavirus WIV1],spike protein [Bat SARS-like coronavirus Rs3367],spike glycoprotein [Coronavirus BtRs-BetaCoV/YN2018B],spike protein [Bat SARS-like coronavirus],putative E2 glycoprotein precursor [SARS coronavirus CUHK-W1],spike glycoprotein [SARS coronavirus PC4-137],spike glycoprotein precursor [SARS coronavirus ExoN1],spike glycoprotein [SARS coronavirus PC4-199],spike glycoprotein precursor [SARS coronavirus ExoN1],spike glycoprotein S [SARS coronavirus WH20],spike glycoprotein [SARS coronavirus PC4-241],spike glycoprotein [SARS coronavirus C029],spike glycoprotein [SARS coronavirus civet014],spike glycoprotein [SARS coronavirus BJ302],spike glycoprotein [Severe acute respiratory syndrome-related coronavirus],spike glycoprotein precursor [SARS coronavirus ExoN1],spike glycoprotein precursor [SARS coronavirus ExoN1],spike glycoprotein [SARS coronavirus civet019],spike glycoprotein [SARS coronavirus civet020],spike glycoprotein [Severe acute respiratory syndrome-related coronavirus],spike glycoprotein [SARS coronavirus C013],RecName: Full=Spike glycoprotein; Short=S glycoprotein; AltName: Full=E2; AltName: Full=Peplomer protein; Contains: RecName: Full=Spike protein S1; Contains: RecName: Full=Spike protein S2; Contains: RecName: Full=Spike protein S2'; Flags: Precursor [Severe acute respiratory syndrome-related coronavirus],spike glycoprotein [SARS coronavirus B033],spike glycoprotein [SARS coronavirus PC4-205],spike glycoprotein [Severe acute respiratory syndrome-related coronavirus],spike glycoprotein precursor [SARS coronavirus ExoN1],spike glycoprotein [SARS coronavirus civet010],spike glycoprotein [SARS coronavirus PC4-115],spike protein [SARS coronavirus Sino1-11],S protein [SARS Coronavirus CDC#200301157],spike glycoprotein precursor [SARS coronavirus ExoN1],spike glycoprotein S [SARS coronavirus NS-1],spike glycoprotein [SARS coronavirus WF188],spike glycoprotein precursor [SARS coronavirus ExoN1],spike glycoprotein [Severe acute respiratory syndrome-related coronavirus],spike glycoprotein precursor [SARS coronavirus ExoN1],spike protein [SARS coronavirus HHS-2004],spike glycoprotein [SARS coronavirus ES260],E2 glycoprotein precursor [Severe acute respiratory syndrome-related coronavirus],spike glycoprotein [SARS coronavirus A013],spike glycoprotein [Severe acute respiratory syndrome-related coronavirus],spike glycoprotein [Severe acute respiratory syndrome-related coronavirus],spike glycoprotein [Severe acute respiratory syndrome-related coronavirus],spike glycoprotein [Severe acute respiratory syndrome-related coronavirus],spike glycoprotein [SARS coronavirus C018],spike glycoprotein [SARS coronavirus CS21],spike glycoprotein [Civet SARS CoV 007/2004],spike glycoprotein [SARS coronavirus ES191],spike protein S [SARS coronavirus Frankfurt 1],spike glycoprotein precursor [SARS coronavirus HKU-39849],S protein [Severe acute respiratory syndrome-related coronavirus],spike glycoprotein precursor [Severe acute respiratory syndrome-related coronavirus],spike glycoprotein [SARS coronavirus B024],spike glycoprotein precursor [SARS coronavirus wtic-MB],spike glycoprotein [SARS coronavirus A001],spike glycoprotein [SARS coronavirus C025],spike glycoprotein [SARS coronavirus C028],spike glycoprotein [SARS coronavirus GD03T0013],spike glycoprotein [SARS coronavirus A021],spike glycoprotein [Severe acute respiratory syndrome-related coronavirus],spike glycoprotein [SARS coronavirus A022],spike glycoprotein [SARS coronavirus TJF],spike glycoprotein [SARS coronavirus ExoN1],spike glycoprotein [Severe acute respiratory syndrome-related coronavirus],spike glycoprotein precursor [SARS coronavirus MA15 ExoN1],spike glycoprotein [SARS coronavirus CS24],spike glycoprotein precursor [SARS coronavirus MA15 ExoN1],spike glycoprotein [SARS coronavirus BJ302],spike glycoprotein precursor [SARS coronavirus MA15 ExoN1],SARS CoV S protein [Expression vector pHCMV-SARS-S (FFM-1)],spike glycoprotein precursor [Severe acute respiratory syndrome-related coronavirus],spike glycoprotein precursor [SARS coronavirus ExoN1],spike glycoprotein S [SARS coronavirus BJ182-8],spike glycoprotein [SARS coronavirus B012],spike glycoprotein precursor [SARS coronavirus MA15 ExoN1],spike [SARS coronavirus ShanghaiQXC2],spike glycoprotein precursor [SARS coronavirus P2],spike glycoprotein [SARS coronavirus BJ302],spike glycoprotein S [SARS coronavirus BJ182-4],spike protein [SARS coronavirus Frankfurt 1],spike glycoprotein [Severe acute respiratory syndrome-related coronavirus]
surface glycoprotein [Severe acute respiratory syndrome coronavirus 2],100.00,98.35,99.51,95.76,95.68,95.76,95.60,95.60,88.40,88.70,88.11,88.26,88.03,86.41,88.18,88.18,87.16,87.64,87.08,87.87,87.87,87.64,87.56,87.00,87.16,86.92,87.16,86.92,87.00,87.08,87.16,87.16,86.92,86.92,86.84,86.84,87.24,87.08,86.84,87.16,86.84,87.08,87.08,86.84,86.84,87.16,87.00,86.84,86.84,86.77,86.84,87.16,86.84,86.77,86.84,86.92,87.00,86.84,87.08,86.84,86.77,86.84,86.77,87.00,87.00,87.16,87.00,86.77,86.77,86.84,86.77,86.92,86.77,87.08,87.16,87.00,87.00,87.08,86.77,87.08,86.84,86.84,86.69,86.84,87.00,86.84,86.77,86.77,86.77,86.69,86.77,86.77,86.84,86.77,86.69,86.77,86.69,86.70,86.69,86.77
spike glycoprotein [Bat coronavirus RaTG13],98.35,100.00,98.26,96.14,95.98,96.14,95.98,95.98,88.29,88.50,88.62,88.38,88.54,87.16,88.38,88.38,87.90,88.15,87.82,88.46,88.30,88.15,88.07,87.75,87.67,87.67,87.67,87.67,87.75,87.67,87.67,87.67,87.67,87.67,87.59,87.59,87.75,87.59,87.59,87.67,87.59,87.59,87.59,87.59,87.59,87.67,87.59,87.59,87.59,87.51,87.59,87.67,87.59,87.51,87.59,87.67,87.59,87.59,87.59,87.59,87.51,87.59,87.51,87.51,87.59,87.67,87.51,87.51,87.51,87.51,87.51,87.51,87.51,87.59,87.67,87.51,87.59,87.67,87.51,87.59,87.59,87.59,87.43,87.51,87.59,87.51,87.51,87.43,87.51,87.43,87.51,87.51,87.43,87.43,87.43,87.51,87.43,87.44,87.27,87.51
SARS_CoV_2_ectoCSPP [synthetic construct],99.51,98.26,100.00,95.54,95.45,95.54,95.37,95.37,87.88,88.11,87.57,87.74,87.49,85.79,87.65,87.65,86.57,87.08,86.49,87.33,87.33,87.08,87.08,86.41,86.57,86.33,86.57,86.33,86.41,86.49,86.57,86.57,86.33,86.33,86.24,86.24,86.66,86.49,86.24,86.57,86.24,86.49,86.49,86.33,86.24,86.57,86.41,86.24,86.24,86.16,86.24,86.57,86.24,86.16,86.24,86.33,86.41,86.24,86.49,86.24,86.24,86.24,86.16,86.41,86.41,86.57,86.41,86.16,86.16,86.24,86.16,86.33,86.16,86.49,86.57,86.41,86.41,86.49,86.24,86.49,86.24,86.24,86.08,86.24,86.41,86.24,86.16,86.16,86.16,86.08,86.16,86.16,86.24,86.16,86.08,86.16,86.08,86.09,86.08,86.16
spike protein [Pangolin coronavirus],95.76,96.14,95.54,100.00,99.76,99.76,99.61,99.68,88.57,88.89,87.96,88.43,87.88,86.59,87.75,87.75,87.41,87.20,87.33,87.27,87.27,87.04,87.12,87.41,87.49,87.41,87.41,87.41,87.41,87.41,87.33,87.41,87.33,87.41,87.33,87.33,87.41,87.33,87.33,87.33,87.33,87.33,87.33,87.33,87.33,87.33,87.33,87.33,87.33,87.33,87.25,87.33,87.33,87.25,87.33,87.33,87.33,87.33,87.33,87.33,87.25,87.33,87.25,87.25,87.25,87.33,87.25,87.25,87.25,87.33,87.25,87.18,87.25,87.25,87.33,87.25,87.33,87.33,87.25,87.25,87.25,87.33,87.18,87.33,87.33,87.33,87.18,87.25,87.25,87.18,87.25,87.25,87.18,87.25,87.18,87.25,87.10,87.25,87.02,87.25
spike protein [Pangolin coronavirus],95.68,95.98,95.45,99.76,100.00,99.53,99.37,99.45,88.73,89.05,87.80,88.28,87.73,86.36,87.82,87.82,87.25,87.27,87.18,87.35,87.35,87.12,87.20,87.25,87.33,87.25,87.25,87.25,87.25,87.25,87.18,87.25,87.18,87.25,87.18,87.18,87.25,87.18,87.18,87.18,87.18,87.18,87.18,87.18,87.18,87.18,87.18,87.18,87.18,87.18,87.10,87.18,87.18,87.10,87.18,87.18,87.18,87.18,87.18,87.18,87.10,87.18,87.10,87.10,87.10,87.18,87.10,87.10,87.10,87.18,87.10,87.02,87.10,87.10,87.18,87.10,87.18,87.18,87.10,87.10,87.10,87.18,87.02,87.18,87.18,87.18,87.02,87.10,87.10,87.02,87.10,87.10,87.02,87.10,87.02,87.10,86.94,87.10,86.86,87.10
spike protein [Pangolin coronavirus],95.76,96.14,95.54,99.76,99.53,100.00,99.37,99.61,88.57,88.89,87.96,88.43,87.88,86.51,87.67,87.67,87.41,86.96,87.33,87.04,87.04,87.04,86.88,87.41,87.49,87.41,87.41,87.41,87.41,87.41,87.33,87.41,87.33,87.41,87.33,87.33,87.41,87.33,87.33,87.33,87.33,87.33,87.33,87.33,87.33,87.33,87.33,87.33,87.33,87.33,87.25,87.33,87.33,87.25,87.33,87.33,87.33,87.33,87.33,87.33,87.25,87.33,87.25,87.25,87.25,87.33,87.25,87.25,87.25,87.33,87.25,87.18,87.25,87.25,87.33,87.25,87.33,87.33,87.25,87.25,87.25,87.33,87.18,87.33,87.33,87.33,87.18,87.25,87.25,87.18,87.25,87.25,87.18,87.25,87.18,87.25,87.10,87.25,87.02,87.25
spike protein [Pangolin coronavirus],95.60,95.98,95.37,99.61,99.37,99.37,100.00,99.29,88.35,88.66,87.51,87.98,87.43,86.45,87.53,87.53,86.96,86.98,86.88,87.06,87.06,86.82,86.90,86.96,87.04,86.96,86.96,86.96,86.96,86.96,86.88,86.96,86.88,86.96,86.88,86.88,86.96,86.88,86.88,86.88,86.88,86.88,86.88,86.88,86.88,86.88,86.88,86.88,86.88,86.88,86.80,86.88,86.88,86.80,86.88,86.88,86.88,86.88,86.88,86.88,86.80,86.88,86.80,86.80,86.80,86.88,86.80,86.80,86.80,86.88,86.80,86.72,86.80,86.80,86.88,86.80,86.88,86.88,86.80,86.80,86.80,86.88,86.72,86.88,86.88,86.88,86.72,86.80,86.80,86.72,86.80,86.80,86.72,86.80,86.72,86.80,86.65,86.72,86.57,86.80
spike protein [Pangolin coronavirus],95.60,95.98,95.37,99.68,99.45,99.61,99.29,100.00,88.79,89.11,88.04,88.51,87.96,86.67,87.65,87.65,87.49,87.10,87.41,87.18,87.18,86.94,87.02,87.49,87.57,87.49,87.49,87.49,87.49,87.49,87.41,87.49,87.41,87.49,87.41,87.41,87.49,87.41,87.41,87.41,87.41,87.41,87.41,87.41,87.41,87.41,87.41,87.41,87.41,87.41,87.33,87.41,87.41,87.33,87.41,87.41,87.41,87.41,87.41,87.41,87.33,87.41,87.33,87.33,87.33,87.41,87.33,87.33,87.33,87.41,87.33,87.25,87.33,87.41,87.41,87.33,87.41,87.41,87.33,87.33,87.33,87.41,87.25,87.41,87.41,87.41,87.25,87.33,87.33,87.25,87.33,87.33,87.25,87.33,87.25,87.33,87.18,87.33,87.10,87.33
spike protein [Bat SARS-like coronavirus],88.77,88.66,88.27,88.87,89.03,88.87,88.64,89.09,100.00,99.20,87.18,86.94,87.10,86.97,86.13,86.13,86.61,86.13,86.53,86.29,86.29,86.29,86.05,86.45,86.38,86.29,86.38,86.29,86.45,86.46,86.29,86.29,86.37,86.45,86.37,86.21,86.37,86.30,86.45,86.29,86.37,86.30,86.30,86.37,86.21,86.21,86.38,86.45,86.37,86.13,86.29,86.21,86.21,86.29,86.21,86.45,86.45,86.37,86.30,86.45,86.29,86.37,86.37,86.14,86.37,86.21,86.29,86.29,86.29,86.37,86.29,86.13,86.29,86.29,86.21,86.22,86.38,86.29,86.29,86.13,86.29,86.29,86.29,86.37,86.45,86.37,86.29,86.29,86.29,86.21,86.29,86.29,86.22,86.29,86.21,86.29,86.21,86.29,86.13,86.37
spike protein [Bat SARS-like coronavirus],89.07,88.88,88.50,89.19,89.35,89.19,88.96,89.41,99.20,100.00,87.27,87.11,87.19,87.45,86.32,86.32,86.70,86.24,86.62,86.40,86.40,86.33,86.16,86.45,86.38,86.29,86.38,86.29,86.45,86.46,86.29,86.29,86.37,86.45,86.37,86.21,86.37,86.30,86.45,86.37,86.37,86.38,86.30,86.37,86.21,86.30,86.38,86.45,86.37,86.13,86.29,86.21,86.21,86.29,86.21,86.45,86.45,86.37,86.30,86.45,86.29,86.37,86.37,86.23,86.37,86.30,86.29,86.29,86.29,86.37,86.29,86.22,86.29,86.37,86.30,86.22,86.38,86.38,86.29,86.22,86.29,86.29,86.29,86.37,86.45,86.37,86.29,86.29,86.29,86.21,86.29,86.29,86.22,86.29,86.21,86.29,86.21,86.29,86.13,86.37
spike protein [Bat SARS-like coronavirus],88.11,88.62,87.57,87.96,87.80,87.96,87.51,88.04,86.26,87.27,100.00,98.01,99.92,90.88,93.78,93.78,98.25,95.14,98.17,95.53,95.53,95.37,95.06,98.01,97.93,97.77,97.93,97.77,98.01,98.01,97.85,97.85,97.93,97.77,97.77,97.69,97.77,97.85,97.85,97.85,97.85,97.85,97.85,97.69,97.69,97.61,97.93,97.93,97.85,97.61,97.85,97.85,97.69,97.77,97.69,97.93,97.93,97.85,97.85,97.69,97.77,97.85,97.77,97.69,97.93,97.61,97.77,97.77,97.77,97.85,97.77,97.69,97.77,97.69,97.69,97.77,97.93,97.85,97.77,97.61,97.85,97.77,97.69,97.85,98.01,97.77,97.77,97.77,97.77,97.69,97.77,97.77,97.77,97.77,97.77,97.77,97.69,97.69,97.69,97.77
spike protein [Bat SARS-like coronavirus],88.26,88.38,87.74,88.43,88.28,88.43,87.98,88.51,85.95,87.11,98.01,100.00,97.93,90.01,95.30,95.30,97.05,93.78,96.97,93.54,93.54,93.86,93.70,96.81,97.05,96.57,97.05,96.57,96.81,96.97,96.97,96.97,96.73,96.57,96.57,96.49,96.89,96.97,96.65,96.97,96.65,96.97,96.97,96.49,96.49,96.73,96.89,96.57,96.65,96.41,96.65,96.97,96.49,96.57,96.49,96.73,96.89,96.65,96.97,96.49,96.57,96.65,96.57,96.81,96.89,96.73,96.89,96.57,96.57,96.65,96.57,96.65,96.57,96.89,96.81,96.89,96.89,96.81,96.57,96.73,96.65,96.41,96.49,96.65,96.89,96.57,96.57,96.57,96.57,96.49,96.57,96.57,96.73,96.57,96.57,96.57,96.49,96.49,96.33,96.57
spike protein [SARS-like coronavirus WIV16],88.03,88.54,87.49,87.88,87.73,87.88,87.43,87.96,86.18,87.19,99.92,97.93,100.00,90.80,93.70,93.70,98.17,95.06,98.09,95.45,95.45,95.30,94.98,97.93,97.85,97.69,97.85,97.69,97.93,97.93,97.77,97.77,97.85,97.69,97.69,97.61,97.69,97.77,97.77,97.77,97.77,97.77,97.77,97.61,97.61,97.53,97.85,97.85,97.77,97.53,97.77,97.77,97.61,97.69,97.61,97.85,97.85,97.77,97.77,97.61,97.69,97.77,97.69,97.61,97.85,97.53,97.69,97.69,97.69,97.77,97.69,97.61,97.69,97.61,97.61,97.69,97.85,97.77,97.69,97.53,97.77,97.69,97.61,97.77,97.93,97.69,97.69,97.69,97.69,97.61,97.69,97.69,97.69,97.69,97.69,97.69,97.61,97.61,97.61,97.69
spike glycoprotein [recombinant coronavirus],86.41,87.16,85.79,86.59,86.36,86.51,86.45,86.67,86.35,86.03,90.88,90.01,90.80,100.00,89.94,89.94,91.36,91.13,91.28,90.89,90.89,91.13,91.05,91.28,90.80,91.12,90.80,91.12,91.28,90.88,90.72,90.72,91.20,91.12,91.04,91.04,90.64,90.72,91.20,90.72,91.20,90.72,90.72,91.04,91.04,90.56,90.80,91.12,91.20,90.96,91.12,90.80,91.12,91.12,91.04,91.20,90.96,91.20,90.72,91.20,91.12,91.20,91.28,90.64,91.04,90.56,90.96,91.12,91.12,91.20,91.12,90.64,91.12,90.56,90.72,90.64,90.80,90.80,91.41,90.48,91.12,90.96,91.20,91.20,91.20,91.20,91.12,91.12,91.12,91.04,91.12,91.12,90.64,91.12,91.04,91.12,91.04,91.04,90.80,91.28
spike protein [Bat SARS-like coronavirus RsSHC014],88.18,88.38,87.65,87.75,87.82,87.51,87.53,87.65,86.13,85.76,93.78,95.30,93.70,89.94,100.00,100.00,93.78,98.33,93.70,98.25,98.25,98.25,98.25,93.62,94.02,93.46,94.02,93.46,93.62,93.94,93.94,93.94,93.54,93.46,93.54,93.38,93.86,93.94,93.54,93.94,93.54,93.94,93.94,93.38,93.38,93.70,93.86,93.46,93.54,93.30,93.46,93.78,93.38,93.46,93.38,93.70,93.78,93.54,93.94,93.38,93.46,93.54,93.46,93.78,93.70,93.70,93.78,93.46,93.46,93.54,93.46,93.62,93.46,93.86,93.78,93.86,93.86,93.78,93.46,93.70,93.46,93.30,93.38,93.54,93.78,93.62,93.46,93.46,93.46,93.38,93.46,93.46,93.70,93.46,93.46,93.46,93.38,93.38,93.22,93.62
spike protein [Bat SARS-like coronavirus],88.18,88.38,87.65,87.75,87.82,87.51,87.53,87.65,86.13,85.76,93.78,95.30,93.70,89.94,100.00,100.00,93.78,98.33,93.70,98.25,98.25,98.25,98.25,93.62,94.02,93.46,94.02,93.46,93.62,93.94,93.94,93.94,93.54,93.46,93.54,93.38,93.86,93.94,93.54,93.94,93.54,93.94,93.94,93.38,93.38,93.70,93.86,93.46,93.54,93.30,93.46,93.78,93.38,93.46,93.38,93.70,93.78,93.54,93.94,93.38,93.46,93.54,93.46,93.78,93.70,93.70,93.78,93.46,93.46,93.54,93.46,93.62,93.46,93.86,93.78,93.86,93.86,93.78,93.46,93.70,93.46,93.30,93.38,93.54,93.78,93.62,93.46,93.46,93.46,93.38,93.46,93.46,93.70,93.46,93.46,93.46,93.38,93.38,93.22,93.62
spike glycoprotein [SARS coronavirus GZ02],87.16,87.90,86.57,87.41,87.25,87.41,86.96,87.49,85.70,86.70,98.25,97.05,98.17,91.36,93.78,93.78,100.00,94.82,99.92,94.74,94.74,95.06,94.74,99.76,99.20,99.52,99.20,99.52,99.76,99.28,99.12,99.12,99.68,99.52,99.52,99.44,99.04,99.12,99.60,99.12,99.60,99.12,99.12,99.44,99.44,98.88,99.20,99.52,99.60,99.36,99.60,99.28,99.44,99.52,99.44,99.68,99.36,99.60,99.12,99.44,99.52,99.60,99.52,98.96,99.52,98.88,99.36,99.52,99.52,99.60,99.52,98.96,99.52,98.96,98.96,99.04,99.20,99.12,99.52,98.88,99.60,99.36,99.44,99.60,99.60,99.52,99.52,99.52,99.52,99.44,99.52,99.52,99.04,99.52,99.44,99.52,99.44,99.44,99.20,99.52
spike protein [Bat SARS-like coronavirus],87.64,88.15,87.08,87.20,87.27,86.96,86.98,87.10,86.13,85.68,95.14,93.78,95.06,91.13,98.33,98.33,94.82,100.00,94.74,99.60,99.60,99.60,99.92,94.66,94.74,94.50,94.74,94.50,94.66,94.82,94.66,94.66,94.58,94.50,94.58,94.42,94.58,94.66,94.58,94.66,94.58,94.66,94.66,94.42,94.42,94.42,94.74,94.66,94.58,94.34,94.50,94.50,94.42,94.50,94.42,94.73,94.66,94.58,94.66,94.42,94.50,94.58,94.50,94.50,94.58,94.42,94.50,94.50,94.50,94.58,94.50,94.50,94.50,94.50,94.50,94.58,94.74,94.66,94.50,94.42,94.50,94.50,94.42,94.58,94.74,94.66,94.50,94.50,94.50,94.42,94.50,94.50,94.58,94.50,94.50,94.50,94.42,94.42,94.42,94.66
spike glycoprotein S [SARS coronavirus GD01],87.08,87.82,86.49,87.33,87.18,87.33,86.88,87.41,85.56,86.62,98.17,96.97,98.09,91.28,93.70,93.70,99.92,94.74,100.00,94.66,94.66,94.98,94.66,99.68,99.12,99.44,99.12,99.44,99.68,99.20,99.04,99.04,99.60,99.44,99.44,99.36,98.96,99.04,99.52,99.04,99.52,99.04,99.04,99.36,99.36,98.80,99.12,99.44,99.52,99.28,99.52,99.20,99.36,99.44,99.36,99.60,99.28,99.52,99.04,99.36,99.44,99.52,99.44,98.88,99.44,98.80,99.28,99.44,99.44,99.52,99.44,98.88,99.44,98.88,98.88,98.96,99.12,99.04,99.44,98.80,99.52,99.28,99.36,99.52,99.52,99.44,99.44,99.44,99.44,99.36,99.44,99.44,98.96,99.44,99.36,99.44,99.36,99.36,99.28,99.44
spike protein [Bat SARS-like coronavirus WIV1],87.87,88.46,87.33,87.27,87.20,87.04,87.06,87.18,86.29,85.84,95.53,93.54,95.45,90.89,98.25,98.25,94.74,99.60,94.66,100.00,100.00,99.52,99.52,94.58,94.66,94.42,94.66,94.42,94.58,94.74,94.58,94.58,94.50,94.42,94.50,94.34,94.50,94.58,94.50,94.58,94.50,94.58,94.58,94.34,94.34,94.34,94.66,94.58,94.50,94.26,94.42,94.42,94.34,94.42,94.34,94.65,94.58,94.50,94.58,94.34,94.42,94.50,94.42,94.42,94.50,94.34,94.42,94.42,94.42,94.50,94.42,94.42,94.42,94.42,94.42,94.50,94.66,94.58,94.42,94.34,94.42,94.42,94.34,94.50,94.66,94.58,94.42,94.42,94.42,94.34,94.42,94.42,94.50,94.42,94.42,94.42,94.34,94.34,94.34,94.58
spike protein [Bat SARS-like coronavirus Rs3367],87.72,88.30,87.16,87.27,87.35,87.04,87.06,87.18,86.29,85.84,95.53,93.54,95.45,90.89,98.25,98.25,94.74,99.60,94.66,100.00,100.00,99.52,99.52,94.58,94.66,94.42,94.66,94.42,94.58,94.74,94.58,94.58,94.50,94.42,94.50,94.34,94.50,94.58,94.50,94.58,94.50,94.58,94.58,94.34,94.34,94.34,94.66,94.58,94.50,94.26,94.42,94.42,94.34,94.42,94.34,94.65,94.58,94.50,94.58,94.34,94.42,94.50,94.42,94.42,94.50,94.34,94.42,94.42,94.42,94.50,94.42,94.42,94.42,94.42,94.42,94.50,94.66,94.58,94.42,94.34,94.42,94.42,94.34,94.50,94.66,94.58,94.42,94.42,94.42,94.34,94.42,94.42,94.50,94.42,94.42,94.42,94.34,94.34,94.34,94.58
spike glycoprotein [Coronavirus BtRs-BetaCoV/YN2018B],87.64,88.15,87.08,87.04,87.12,87.04,86.82,86.94,86.29,85.77,95.37,93.86,95.30,91.13,98.25,98.25,95.06,99.60,94.98,99.52,99.52,100.00,99.52,94.90,94.98,94.74,94.98,94.74,94.90,95.06,94.90,94.90,94.82,94.74,94.82,94.66,94.82,94.90,94.82,94.90,94.82,94.90,94.90,94.66,94.66,94.82,94.98,94.90,94.82,94.58,94.74,94.74,94.66,94.74,94.66,94.97,94.90,94.82,94.90,94.66,94.74,94.82,94.74,94.90,94.82,94.82,94.74,94.74,94.74,94.82,94.74,94.90,94.74,94.74,94.90,94.82,94.98,95.06,94.74,94.82,94.74,94.74,94.66,94.82,94.98,94.90,94.74,94.74,94.74,94.66,94.74,94.74,94.82,94.74,94.74,94.74,94.66,94.66,94.66,94.90
spike protein [Bat SARS-like coronavirus],87.40,88.07,86.91,87.12,87.20,86.88,86.90,87.02,86.05,85.60,95.06,93.70,94.98,91.05,98.25,98.25,94.74,99.92,94.66,99.52,99.52,99.52,100.00,94.58,94.66,94.42,94.66,94.42,94.58,94.74,94.58,94.58,94.50,94.42,94.50,94.34,94.50,94.58,94.50,94.58,94.50,94.58,94.58,94.34,94.34,94.34,94.66,94.58,94.50,94.26,94.42,94.42,94.34,94.42,94.34,94.65,94.58,94.50,94.58,94.34,94.42,94.50,94.42,94.42,94.50,94.34,94.42,94.42,94.42,94.50,94.42,94.42,94.42,94.42,94.42,94.50,94.66,94.58,94.42,94.34,94.42,94.42,94.34,94.50,94.66,94.58,94.42,94.42,94.42,94.34,94.42,94.42,94.50,94.42,94.42,94.42,94.34,94.34,94.34,94.58
putative E2 glycoprotein precursor [SARS coronavirus CUHK-W1],87.00,87.75,86.41,87.41,87.25,87.41,86.96,87.49,85.55,86.45,98.01,96.81,97.93,91.28,93.62,93.62,99.76,94.66,99.68,94.58,94.58,94.90,94.58,100.00,99.28,99.68,99.28,99.76,100.00,99.36,99.20,99.20,99.92,99.76,99.68,99.68,99.12,99.20,99.84,99.20,99.84,99.20,99.20,99.68,99.68,98.96,99.28,99.76,99.84,99.52,99.84,99.52,99.68,99.76,99.68,99.92,99.60,99.84,99.20,99.68,99.76,99.84,99.76,99.04,99.76,98.96,99.60,99.76,99.76,99.84,99.76,99.04,99.76,99.04,99.04,99.12,99.28,99.20,99.76,98.96,99.84,99.60,99.68,99.84,99.84,99.76,99.76,99.76,99.76,99.68,99.76,99.76,99.12,99.76,99.68,99.76,99.68,99.68,99.44,99.76
spike glycoprotein [SARS coronavirus PC4-137],87.16,87.67,86.57,87.49,87.33,87.49,87.04,87.57,85.41,86.38,97.93,97.05,97.85,90.80,94.02,94.02,99.20,94.74,99.12,94.66,94.66,94.98,94.66,99.28,100.00,99.04,100.00,99.04,99.28,99.76,99.92,99.92,99.20,99.04,98.96,98.96,99.84,99.92,99.12,99.92,99.12,99.92,99.92,98.96,98.96,99.68,99.84,99.04,99.12,98.80,99.12,99.44,98.96,99.04,98.96,99.20,99.36,99.12,99.92,98.96,99.04,99.12,99.04,99.76,99.36,99.68,99.36,99.04,99.04,99.12,99.04,99.60,99.04,99.76,99.76,99.84,99.84,99.76,99.04,99.68,99.12,98.88,98.96,99.12,99.28,99.20,99.04,99.04,99.04,98.96,99.04,99.04,99.68,99.04,98.96,99.04,98.96,98.96,98.80,99.04
spike glycoprotein precursor [SARS coronavirus ExoN1],86.92,87.67,86.33,87.41,87.25,87.41,86.96,87.49,85.39,86.29,97.77,96.57,97.69,91.12,93.46,93.46,99.52,94.50,99.44,94.42,94.42,94.74,94.42,99.68,99.04,100.00,99.04,99.92,99.68,99.12,98.96,98.96,99.76,99.76,99.84,99.84,98.88,98.96,99.84,98.96,99.84,98.96,98.96,99.68,99.84,98.73,99.04,99.76,99.84,99.68,99.68,99.20,99.84,99.76,99.84,99.60,99.60,99.84,98.96,99.68,99.76,99.84,99.76,98.80,99.60,98.73,99.44,99.76,99.76,99.84,99.76,98.80,99.76,98.80,98.80,98.88,99.04,98.96,99.76,98.73,99.68,99.60,99.68,99.84,99.68,99.76,99.60,99.76,99.76,99.68,99.76,99.76,98.88,99.76,99.68,99.76,99.52,99.68,99.44,99.76
spike glycoprotein [SARS coronavirus PC4-199],87.16,87.67,86.57,87.41,87.25,87.41,86.96,87.49,85.41,86.38,97.93,97.05,97.85,90.80,94.02,94.02,99.20,94.74,99.12,94.66,94.66,94.98,94.66,99.28,100.00,99.04,100.00,99.04,99.28,99.76,99.92,99.92,99.20,99.04,98.96,98.96,99.84,99.92,99.12,99.92,99.12,99.92,99.92,98.96,98.96,99.68,99.84,99.04,99.12,98.80,99.12,99.44,98.96,99.04,98.96,99.20,99.36,99.12,99.92,98.96,99.04,99.12,99.04,99.76,99.36,99.68,99.36,99.04,99.04,99.12,99.04,99.60,99.04,99.76,99.76,99.84,99.84,99.76,99.04,99.68,99.12,98.88,98.96,99.12,99.28,99.20,99.04,99.04,99.04,98.96,99.04,99.04,99.68,99.04,98.96,99.04,98.96,98.96,98.80,99.04
spike glycoprotein precursor [SARS coronavirus ExoN1],86.92,87.67,86.33,87.41,87.25,87.41,86.96,87.49,85.39,86.29,97.77,96.57,97.69,91.12,93.46,93.46,99.52,94.50,99.44,94.42,94.42,94.74,94.42,99.76,99.04,99.92,99.04,100.00,99.76,99.12,98.96,98.96,99.84,99.84,99.92,99.92,98.88,98.96,99.92,98.96,99.92,98.96,98.96,99.76,99.92,98.73,99.04,99.84,99.92,99.76,99.76,99.28,99.92,99.84,99.92,99.68,99.68,99.92,98.96,99.76,99.84,99.92,99.84,98.80,99.68,98.73,99.52,99.84,99.84,99.92,99.84,98.80,99.84,98.80,98.80,98.88,99.04,98.96,99.84,98.73,99.76,99.68,99.76,99.92,99.76,99.84,99.68,99.84,99.84,99.76,99.84,99.84,98.88,99.84,99.76,99.84,99.60,99.76,99.52,99.84
spike glycoprotein S [SARS coronavirus WH20],87.00,87.75,86.41,87.41,87.25,87.41,86.96,87.49,85.55,86.45,98.01,96.81,97.93,91.28,93.62,93.62,99.76,94.66,99.68,94.58,94.58,94.90,94.58,100.00,99.28,99.68,99.28,99.76,100.00,99.36,99.20,99.20,99.92,99.76,99.68,99.68,99.12,99.20,99.84,99.20,99.84,99.20,99.20,99.68,99.68,98.96,99.28,99.76,99.84,99.52,99.84,99.52,99.68,99.76,99.68,99.92,99.60,99.84,99.20,99.68,99.76,99.84,99.76,99.04,99.76,98.96,99.60,99.76,99.76,99.84,99.76,99.04,99.76,99.04,99.04,99.12,99.28,99.20,99.76,98.96,99.84,99.60,99.68,99.84,99.84,99.76,99.76,99.76,99.76,99.68,99.76,99.76,99.12,99.76,99.68,99.76,99.68,99.68,99.44,99.76
spike glycoprotein [SARS coronavirus PC4-241],87.08,87.67,86.49,87.41,87.25,87.41,86.96,87.49,85.49,86.46,98.01,96.97,97.93,90.88,93.94,93.94,99.28,94.82,99.20,94.74,94.74,95.06,94.74,99.36,99.76,99.12,99.76,99.12,99.36,100.00,99.84,99.84,99.28,99.12,99.04,99.04,99.76,99.84,99.20,99.84,99.20,99.84,99.84,99.04,99.04,99.60,99.92,99.12,99.20,98.88,99.20,99.36,99.04,99.12,99.04,99.28,99.44,99.20,99.84,99.04,99.12,99.20,99.12,99.68,99.44,99.60,99.28,99.12,99.12,99.20,99.12,99.68,99.12,99.68,99.68,99.76,99.92,99.84,99.12,99.60,99.20,98.96,99.04,99.20,99.36,99.28,99.12,99.12,99.12,99.04,99.12,99.12,99.76,99.12,99.04,99.12,99.04,99.04,98.88,99.12
spike glycoprotein [SARS coronavirus C029],87.16,87.67,86.57,87.33,87.18,87.33,86.88,87.41,85.32,86.29,97.85,96.97,97.77,90.72,93.94,93.94,99.12,94.66,99.04,94.58,94.58,94.90,94.58,99.20,99.92,98.96,99.92,98.96,99.20,99.84,100.00,100.00,99.12,98.96,98.88,98.88,99.92,100.00,99.04,100.00,99.04,100.00,100.00,98.88,98.88,99.76,99.92,98.96,99.04,98.73,99.04,99.36,98.88,98.96,98.88,99.12,99.28,99.04,100.00,98.88,98.96,99.04,98.96,99.84,99.28,99.76,99.28,98.96,98.96,99.04,98.96,99.68,98.96,99.84,99.84,99.92,99.92,99.84,98.96,99.76,99.04,98.80,98.88,99.04,99.20,99.12,98.96,98.96,98.96,98.88,98.96,98.96,99.76,98.96,98.88,98.96,98.88,98.88,98.73,98.96
spike glycoprotein [SARS coronavirus civet014],87.16,87.67,86.57,87.41,87.25,87.41,86.96,87.49,85.32,86.29,97.85,96.97,97.77,90.72,93.94,93.94,99.12,94.66,99.04,94.58,94.58,94.90,94.58,99.20,99.92,98.96,99.92,98.96,99.20,99.84,100.00,100.00,99.12,98.96,98.88,98.88,99.92,100.00,99.04,100.00,99.04,100.00,100.00,98.88,98.88,99.76,99.92,98.96,99.04,98.73,99.04,99.36,98.88,98.96,98.88,99.12,99.28,99.04,100.00,98.88,98.96,99.04,98.96,99.84,99.28,99.76,99.28,98.96,98.96,99.04,98.96,99.68,98.96,99.84,99.84,99.92,99.92,99.84,98.96,99.76,99.04,98.80,98.88,99.04,99.20,99.12,98.96,98.96,98.96,98.88,98.96,98.96,99.76,98.96,98.88,98.96,98.88,98.88,98.73,98.96
spike glycoprotein [SARS coronavirus BJ302],86.92,87.67,86.33,87.33,87.18,87.33,86.88,87.41,85.47,86.37,97.93,96.73,97.85,91.20,93.54,93.54,99.68,94.58,99.60,94.50,94.50,94.82,94.50,99.92,99.20,99.76,99.20,99.84,99.92,99.28,99.12,99.12,100.00,99.84,99.76,99.76,99.04,99.12,99.92,99.12,99.92,99.12,99.12,99.76,99.76,98.88,99.20,99.84,99.92,99.60,99.92,99.44,99.76,99.84,99.76,99.84,99.68,99.92,99.12,99.76,99.84,99.92,99.84,98.96,99.84,98.88,99.52,99.84,99.84,99.92,99.84,98.96,99.84,98.96,98.96,99.04,99.20,99.12,99.84,98.88,99.92,99.68,99.76,99.92,99.76,99.84,99.84,99.84,99.84,99.76,99.84,99.84,99.04,99.84,99.76,99.84,99.76,99.76,99.52,99.84
spike glycoprotein [Severe acute respiratory syndrome-related coronavirus],86.92,87.67,86.33,87.41,87.25,87.41,86.96,87.49,85.48,86.45,97.77,96.57,97.69,91.12,93.46,93.46,99.52,94.50,99.44,94.42,94.42,94.74,94.42,99.76,99.04,99.76,99.04,99.84,99.76,99.12,98.96,98.96,99.84,100.00,99.76,99.76,98.88,98.96,99.92,98.96,99.92,98.96,98.96,99.92,99.76,98.73,99.04,99.84,99.92,99.60,99.76,99.28,99.76,99.84,99.76,99.68,99.68,99.92,98.96,99.92,99.84,99.92,99.84,98.80,99.68,98.73,99.52,99.84,99.84,99.92,99.84,98.80,99.84,98.80,98.80,98.88,99.04,98.96,99.84,98.73,99.76,99.68,99.76,99.92,99.76,99.84,99.68,99.84,99.84,99.76,99.84,99.84,98.88,99.84,99.76,99.84,99.60,99.76,99.52,99.84
spike glycoprotein precursor [SARS coronavirus ExoN1],86.84,87.59,86.24,87.33,87.18,87.33,86.88,87.41,85.47,86.37,97.77,96.57,97.69,91.04,93.54,93.54,99.52,94.58,99.44,94.50,94.50,94.82,94.50,99.68,98.96,99.84,98.96,99.92,99.68,99.04,98.88,98.88,99.76,99.76,100.00,99.84,98.80,98.88,99.84,98.88,99.84,98.88,98.88,99.68,99.84,98.65,98.96,99.76,99.84,99.68,99.68,99.20,99.84,99.76,99.84,99.60,99.60,99.84,98.88,99.68,99.76,99.84,99.76,98.73,99.60,98.65,99.44,99.76,99.76,99.84,99.76,98.73,99.76,98.73,98.73,98.80,98.96,98.88,99.76,98.65,99.68,99.60,99.68,99.84,99.68,99.76,99.60,99.76,99.76,99.68,99.76,99.76,98.80,99.76,99.68,99.76,99.52,99.68,99.44,99.76
spike glycoprotein precursor [SARS coronavirus ExoN1],86.84,87.59,86.24,87.33,87.18,87.33,86.88,87.41,85.31,86.21,97.69,96.49,97.61,91.04,93.38,93.38,99.44,94.42,99.36,94.34,94.34,94.66,94.34,99.68,98.96,99.84,98.96,99.92,99.68,99.04,98.88,98.88,99.76,99.76,99.84,100.00,98.80,98.88,99.84,98.88,99.84,98.88,98.88,99.68,99.84,98.65,98.96,99.76,99.84,99.68,99.68,99.20,99.84,99.76,99.84,99.60,99.60,99.84,98.88,99.68,99.76,99.84,99.76,98.73,99.60,98.65,99.44,99.76,99.76,99.84,99.76,98.73,99.76,98.73,98.73,98.80,98.96,98.88,99.76,98.65,99.68,99.60,99.68,99.84,99.68,99.76,99.60,99.76,99.76,99.68,99.76,99.76,98.80,99.76,99.68,99.76,99.52,99.68,99.44,99.76
spike glycoprotein [SARS coronavirus civet019],87.24,87.75,86.66,87.41,87.25,87.41,86.96,87.49,85.40,86.37,97.77,96.89,97.69,90.64,93.86,93.86,99.04,94.58,98.96,94.50,94.50,94.82,94.50,99.12,99.84,98.88,99.84,98.88,99.12,99.76,99.92,99.92,99.04,98.88,98.80,98.80,100.00,99.92,98.96,99.92,98.96,99.92,99.92,98.80,98.80,99.84,99.84,98.88,98.96,98.65,98.96,99.28,98.80,98.88,98.80,99.04,99.20,98.96,99.92,98.80,98.88,98.96,98.88,99.76,99.20,99.84,99.20,98.88,98.88,98.96,98.88,99.60,98.88,99.76,99.76,99.84,99.84,99.76,98.88,99.84,98.96,98.73,98.80,98.96,99.12,99.04,98.88,98.88,98.88,98.80,98.88,98.88,99.68,98.88,98.80,98.88,98.80,98.80,98.65,98.88
spike glycoprotein [SARS coronavirus civet020],87.08,87.59,86.49,87.33,87.18,87.33,86.88,87.41,85.33,86.30,97.85,96.97,97.77,90.72,93.94,93.94,99.12,94.66,99.04,94.58,94.58,94.90,94.58,99.20,99.92,98.96,99.92,98.96,99.20,99.84,100.00,100.00,99.12,98.96,98.88,98.88,99.92,100.00,99.04,100.00,99.04,100.00,100.00,98.88,98.88,99.76,99.92,98.96,99.04,98.73,99.04,99.36,98.88,98.96,98.88,99.12,99.28,99.04,100.00,98.88,98.96,99.04,98.96,99.84,99.28,99.76,99.28,98.96,98.96,99.04,98.96,99.68,98.96,99.84,99.84,99.92,99.92,99.84,98.96,99.76,99.04,98.80,98.88,99.04,99.20,99.12,98.96,98.96,98.96,98.88,98.96,98.96,99.76,98.96,98.88,98.96,98.88,98.88,98.73,98.96
spike glycoprotein [Severe acute respiratory syndrome-related coronavirus],86.84,87.59,86.24,87.33,87.18,87.33,86.88,87.41,85.55,86.45,97.85,96.65,97.77,91.20,93.54,93.54,99.60,94.58,99.52,94.50,94.50,94.82,94.50,99.84,99.12,99.84,99.12,99.92,99.84,99.20,99.04,99.04,99.92,99.92,99.84,99.84,98.96,99.04,100.00,99.04,100.00,99.04,99.04,99.84,99.84,98.80,99.12,99.92,100.00,99.68,99.84,99.36,99.84,99.92,99.84,99.76,99.76,100.00,99.04,99.84,99.92,100.00,99.92,98.88,99.76,98.80,99.60,99.92,99.92,100.00,99.92,98.88,99.92,98.88,98.88,98.96,99.12,99.04,99.92,98.80,99.84,99.76,99.84,100.00,99.84,99.92,99.76,99.92,99.92,99.84,99.92,99.92,98.96,99.92,99.84,99.92,99.68,99.84,99.60,99.92
spike glycoprotein [SARS coronavirus C013],87.16,87.67,86.57,87.33,87.18,87.33,86.88,87.41,85.32,86.37,97.85,96.97,97.77,90.72,93.94,93.94,99.12,94.66,99.04,94.58,94.58,94.90,94.58,99.20,99.92,98.96,99.92,98.96,99.20,99.84,100.00,100.00,99.12,98.96,98.88,98.88,99.92,100.00,99.04,100.00,99.04,99.92,100.00,98.88,98.88,99.76,99.92,98.96,99.04,98.73,99.04,99.36,98.88,98.96,98.88,99.12,99.28,99.04,100.00,98.88,98.96,99.04,98.96,99.84,99.28,99.76,99.28,98.96,98.96,99.04,98.96,99.68,98.96,99.84,99.84,99.92,99.92,99.84,98.96,99.76,99.04,98.80,98.88,99.04,99.20,99.12,98.96,98.96,98.96,98.88,98.96,98.96,99.76,98.96,98.88,98.96,98.88,98.88,98.73,98.96
RecName: Full=Spike glycoprotein; Short=S glycoprotein; AltName: Full=E2; AltName: Full=Peplomer protein; Contains: RecName: Full=Spike protein S1; Contains: RecName: Full=Spike protein S2; Contains: RecName: Full=Spike protein S2'; Flags: Precursor [Severe acute respiratory syndrome-related coronavirus],86.84,87.59,86.24,87.33,87.18,87.33,86.88,87.41,85.47,86.37,97.85,96.65,97.77,91.20,93.54,93.54,99.60,94.58,99.52,94.50,94.50,94.82,94.50,99.84,99.12,99.84,99.12,99.92,99.84,99.20,99.04,99.04,99.92,99.92,99.84,99.84,98.96,99.04,100.00,99.04,100.00,99.04,99.04,99.84,99.84,98.80,99.12,99.92,100.00,99.68,99.84,99.36,99.84,99.92,99.84,99.76,99.76,100.00,99.04,99.84,99.92,100.00,99.92,98.88,99.76,98.80,99.60,99.92,99.92,100.00,99.92,98.88,99.92,98.88,98.88,98.96,99.12,99.04,99.92,98.80,99.84,99.76,99.84,100.00,99.84,99.92,99.76,99.92,99.92,99.84,99.92,99.92,98.96,99.92,99.84,99.92,99.68,99.84,99.60,99.92
spike glycoprotein [SARS coronavirus B033],87.08,87.59,86.49,87.33,87.18,87.33,86.88,87.41,85.33,86.38,97.85,96.97,97.77,90.72,93.94,93.94,99.12,94.66,99.04,94.58,94.58,94.90,94.58,99.20,99.92,98.96,99.92,98.96,99.20,99.84,100.00,100.00,99.12,98.96,98.88,98.88,99.92,100.00,99.04,99.92,99.04,100.00,100.00,98.88,98.88,99.76,99.92,98.96,99.04,98.73,99.04,99.36,98.88,98.96,98.88,99.12,99.28,99.04,100.00,98.88,98.96,99.04,98.96,99.84,99.28,99.76,99.28,98.96,98.96,99.04,98.96,99.68,98.96,99.84,99.84,99.92,99.92,99.84,98.96,99.76,99.04,98.80,98.88,99.04,99.20,99.12,98.96,98.96,98.96,98.88,98.96,98.96,99.76,98.96,98.88,98.96,98.88,98.88,98.73,98.96
spike glycoprotein [SARS coronavirus PC4-205],87.08,87.59,86.49,87.33,87.18,87.33,86.88,87.41,85.33,86.30,97.85,96.97,97.77,90.72,93.94,93.94,99.12,94.66,99.04,94.58,94.58,94.90,94.58,99.20,99.92,98.96,99.92,98.96,99.20,99.84,100.00,100.00,99.12,98.96,98.88,98.88,99.92,100.00,99.04,100.00,99.04,100.00,100.00,98.88,98.88,99.76,99.92,98.96,99.04,98.73,99.04,99.36,98.88,98.96,98.88,99.12,99.28,99.04,100.00,98.88,98.96,99.04,98.96,99.84,99.28,99.76,99.28,98.96,98.96,99.04,98.96,99.68,98.96,99.84,99.84,99.92,99.92,99.84,98.96,99.76,99.04,98.80,98.88,99.04,99.20,99.12,98.96,98.96,98.96,98.88,98.96,98.96,99.76,98.96,98.88,98.96,98.88,98.88,98.73,98.96
spike glycoprotein [Severe acute respiratory syndrome-related coronavirus],86.84,87.59,86.33,87.33,87.18,87.33,86.88,87.41,85.40,86.37,97.69,96.49,97.61,91.04,93.38,93.38,99.44,94.42,99.36,94.34,94.34,94.66,94.34,99.68,98.96,99.68,98.96,99.76,99.68,99.04,98.88,98.88,99.76,99.92,99.68,99.68,98.80,98.88,99.84,98.88,99.84,98.88,98.88,100.00,99.68,98.65,98.96,99.76,99.84,99.52,99.68,99.20,99.68,99.76,99.68,99.60,99.60,99.84,98.88,99.84,99.92,99.84,99.76,98.73,99.60,98.65,99.44,99.76,99.76,99.84,99.76,98.73,99.76,98.73,98.73,98.80,98.96,98.88,99.92,98.65,99.68,99.60,99.68,99.84,99.68,99.76,99.60,99.76,99.76,99.68,99.76,99.76,98.80,99.76,99.68,99.76,99.52,99.68,99.44,99.76
spike glycoprotein precursor [SARS coronavirus ExoN1],86.84,87.59,86.24,87.33,87.18,87.33,86.88,87.41,85.31,86.21,97.69,96.49,97.61,91.04,93.38,93.38,99.44,94.42,99.36,94.34,94.34,94.66,94.34,99.68,98.96,99.84,98.96,99.92,99.68,99.04,98.88,98.88,99.76,99.76,99.84,99.84,98.80,98.88,99.84,98.88,99.84,98.88,98.88,99.68,100.00,98.65,98.96,99.76,99.84,99.68,99.68,99.20,99.84,99.76,99.84,99.60,99.60,99.84,98.88,99.68,99.76,99.84,99.76,98.73,99.60,98.65,99.44,99.76,99.76,99.84,99.76,98.73,99.76,98.73,98.73,98.80,98.96,98.88,99.76,98.65,99.68,99.60,99.68,99.84,99.68,99.76,99.60,99.76,99.76,99.68,99.76,99.76,98.80,99.76,99.68,99.76,99.52,99.68,99.44,99.76
spike glycoprotein [SARS coronavirus civet010],87.16,87.67,86.57,87.33,87.18,87.33,86.88,87.41,85.24,86.30,97.61,96.73,97.53,90.56,93.70,93.70,98.88,94.42,98.80,94.34,94.34,94.82,94.34,98.96,99.68,98.73,99.68,98.73,98.96,99.60,99.76,99.76,98.88,98.73,98.65,98.65,99.84,99.76,98.80,99.76,98.80,99.76,99.76,98.65,98.65,100.00,99.68,98.73,98.80,98.49,98.80,99.12,98.65,98.73,98.65,98.88,99.04,98.80,99.76,98.65,98.73,98.80,98.73,99.76,99.04,100.00,99.04,98.73,98.73,98.80,98.73,99.76,98.73,99.60,99.92,99.68,99.68,99.76,98.73,100.00,98.80,98.57,98.65,98.80,98.96,98.88,98.73,98.73,98.73,98.65,98.73,98.73,99.52,98.73,98.65,98.73,98.65,98.65,98.49,98.73
spike glycoprotein [SARS coronavirus PC4-115],87.00,87.59,86.41,87.33,87.18,87.33,86.88,87.41,85.41,86.38,97.93,96.89,97.85,90.80,93.86,93.86,99.20,94.74,99.12,94.66,94.66,94.98,94.66,99.28,99.84,99.04,99.84,99.04,99.28,99.92,99.92,99.92,99.20,99.04,98.96,98.96,99.84,99.92,99.12,99.92,99.12,99.92,99.92,98.96,98.96,99.68,100.00,99.04,99.12,98.80,99.12,99.28,98.96,99.04,98.96,99.20,99.36,99.12,99.92,98.96,99.04,99.12,99.04,99.76,99.36,99.68,99.20,99.04,99.04,99.12,99.04,99.76,99.04,99.76,99.76,99.84,100.00,99.92,99.04,99.68,99.12,98.88,98.96,99.12,99.28,99.20,99.04,99.04,99.04,98.96,99.04,99.04,99.84,99.04,98.96,99.04,98.96,98.96,98.80,99.04
spike protein [SARS coronavirus Sino1-11],86.84,87.59,86.24,87.33,87.18,87.33,86.88,87.41,85.55,86.45,97.93,96.57,97.85,91.12,93.46,93.46,99.52,94.66,99.44,94.58,94.58,94.90,94.58,99.76,99.04,99.76,99.04,99.84,99.76,99.12,98.96,98.96,99.84,99.84,99.76,99.76,98.88,98.96,99.92,98.96,99.92,98.96,98.96,99.76,99.76,98.73,99.04,100.00,99.92,99.60,99.76,99.28,99.76,99.84,99.76,99.68,99.68,99.92,98.96,99.76,99.84,99.92,99.84,98.80,99.68,98.73,99.52,99.84,99.84,99.92,99.84,98.80,99.84,98.80,98.80,98.88,99.04,98.96,99.84,98.73,99.76,99.84,99.76,99.92,99.76,99.84,99.68,99.84,99.84,99.76,99.84,99.84,98.88,99.84,99.76,99.84,99.60,99.76,99.60,99.84
S protein [SARS Coronavirus CDC#200301157],86.84,87.59,86.24,87.33,87.18,87.33,86.88,87.41,85.47,86.37,97.85,96.65,97.77,91.20,93.54,93.54,99.60,94.58,99.52,94.50,94.50,94.82,94.50,99.84,99.12,99.84,99.12,99.92,99.84,99.20,99.04,99.04,99.92,99.92,99.84,99.84,98.96,99.04,100.00,99.04,100.00,99.04,99.04,99.84,99.84,98.80,99.12,99.92,100.00,99.68,99.84,99.36,99.84,99.92,99.84,99.76,99.76,100.00,99.04,99.84,99.92,100.00,99.92,98.88,99.76,98.80,99.60,99.92,99.92,100.00,99.92,98.88,99.92,98.88,98.88,98.96,99.12,99.04,99.92,98.80,99.84,99.76,99.84,100.00,99.84,99.92,99.76,99.92,99.92,99.84,99.92,99.92,98.96,99.92,99.84,99.92,99.68,99.84,99.60,99.92
spike glycoprotein precursor [SARS coronavirus ExoN1],86.77,87.51,86.16,87.33,87.18,87.33,86.88,87.41,85.23,86.13,97.61,96.41,97.53,90.96,93.30,93.30,99.36,94.34,99.28,94.26,94.26,94.58,94.26,99.52,98.80,99.68,98.80,99.76,99.52,98.88,98.73,98.73,99.60,99.60,99.68,99.68,98.65,98.73,99.68,98.73,99.68,98.73,98.73,99.52,99.68,98.49,98.80,99.60,99.68,100.00,99.52,99.04,99.68,99.60,99.68,99.44,99.44,99.68,98.73,99.52,99.60,99.68,99.60,98.57,99.44,98.49,99.28,99.60,99.60,99.68,99.60,98.57,99.60,98.57,98.57,98.65,98.80,98.73,99.60,98.49,99.52,99.44,99.52,99.68,99.52,99.60,99.44,99.60,99.60,99.52,99.60,99.60,98.65,99.60,99.52,99.60,99.36,99.52,99.28,99.60
spike glycoprotein S [SARS coronavirus NS-1],86.84,87.59,86.24,87.25,87.10,87.25,86.80,87.33,85.39,86.29,97.85,96.65,97.77,91.12,93.46,93.46,99.60,94.50,99.52,94.42,94.42,94.74,94.42,99.84,99.12,99.68,99.12,99.76,99.84,99.20,99.04,99.04,99.92,99.76,99.68,99.68,98.96,99.04,99.84,99.04,99.84,99.04,99.04,99.68,99.68,98.80,99.12,99.76,99.84,99.52,100.00,99.36,99.68,99.76,99.68,99.76,99.60,99.84,99.04,99.68,99.76,99.84,99.76,98.88,99.76,98.80,99.44,99.76,99.76,99.84,99.76,98.88,99.76,98.88,98.88,98.96,99.12,99.04,99.76,98.80,99.84,99.60,99.68,99.84,99.68,99.76,99.76,99.76,99.76,99.68,99.76,99.76,98.96,99.76,99.68,99.76,99.68,99.68,99.44,99.76
spike glycoprotein [SARS coronavirus WF188],87.16,87.67,86.57,87.33,87.18,87.33,86.88,87.41,85.31,86.21,97.85,96.97,97.77,90.80,93.78,93.78,99.28,94.50,99.20,94.42,94.42,94.74,94.42,99.52,99.44,99.20,99.44,99.28,99.52,99.36,99.36,99.36,99.44,99.28,99.20,99.20,99.28,99.36,99.36,99.36,99.36,99.36,99.36,99.20,99.20,99.12,99.28,99.28,99.36,99.04,99.36,100.00,99.20,99.28,99.20,99.44,99.44,99.36,99.36,99.20,99.28,99.36,99.28,99.20,99.60,99.12,99.60,99.28,99.28,99.36,99.28,99.04,99.28,99.20,99.20,99.28,99.28,99.20,99.28,99.12,99.36,99.12,99.20,99.36,99.52,99.28,99.28,99.28,99.28,99.20,99.28,99.28,99.12,99.28,99.20,99.28,99.20,99.20,99.04,99.28
spike glycoprotein precursor [SARS coronavirus ExoN1],86.84,87.59,86.24,87.33,87.18,87.33,86.88,87.41,85.31,86.21,97.69,96.49,97.61,91.12,93.38,93.38,99.44,94.42,99.36,94.34,94.34,94.66,94.34,99.68,98.96,99.84,98.96,99.92,99.68,99.04,98.88,98.88,99.76,99.76,99.84,99.84,98.80,98.88,99.84,98.88,99.84,98.88,98.88,99.68,99.84,98.65,98.96,99.76,99.84,99.68,99.68,99.20,100.00,99.76,99.84,99.60,99.60,99.84,98.88,99.68,99.76,99.84,99.76,98.73,99.60,98.65,99.44,99.76,99.76,99.84,99.76,98.73,99.76,98.73,98.73,98.80,98.96,98.88,99.76,98.65,99.68,99.60,99.68,99.84,99.68,99.76,99.60,99.76,99.76,99.68,99.76,99.76,98.80,99.76,99.68,99.76,99.52,99.68,99.44,99.76
spike glycoprotein [Severe acute respiratory syndrome-related coronavirus],86.77,87.51,86.16,87.25,87.10,87.25,86.80,87.33,85.39,86.29,97.77,96.57,97.69,91.12,93.46,93.46,99.52,94.50,99.44,94.42,94.42,94.74,94.42,99.76,99.04,99.76,99.04,99.84,99.76,99.12,98.96,98.96,99.84,99.84,99.76,99.76,98.88,98.96,99.92,98.96,99.92,98.96,98.96,99.76,99.76,98.73,99.04,99.84,99.92,99.60,99.76,99.28,99.76,100.00,99.76,99.68,99.68,99.92,98.96,99.76,99.84,99.92,99.84,98.80,99.68,98.73,99.52,99.84,99.84,99.92,99.84,98.80,99.84,98.80,98.80,98.88,99.04,98.96,99.84,98.73,99.76,99.68,99.76,99.92,99.76,99.84,99.68,99.84,99.84,99.76,99.84,99.84,98.88,99.84,99.76,99.84,99.60,99.76,99.52,99.84
spike glycoprotein precursor [SARS coronavirus ExoN1],86.84,87.59,86.24,87.33,87.18,87.33,86.88,87.41,85.31,86.21,97.69,96.49,97.61,91.04,93.38,93.38,99.44,94.42,99.36,94.34,94.34,94.66,94.34,99.68,98.96,99.84,98.96,99.92,99.68,99.04,98.88,98.88,99.76,99.76,99.84,99.84,98.80,98.88,99.84,98.88,99.84,98.88,98.88,99.68,99.84,98.65,98.96,99.76,99.84,99.68,99.68,99.20,99.84,99.76,100.00,99.60,99.60,99.84,98.88,99.68,99.76,99.84,99.76,98.73,99.60,98.65,99.44,99.76,99.76,99.84,99.76,98.73,99.76,98.73,98.73,98.80,98.96,98.88,99.76,98.65,99.68,99.60,99.68,99.84,99.68,99.76,99.60,99.76,99.76,99.68,99.76,99.76,98.80,99.76,99.68,99.76,99.52,99.68,99.44,99.76
spike protein [SARS coronavirus HHS-2004],86.92,87.67,86.33,87.33,87.18,87.33,86.88,87.41,85.53,86.45,97.93,96.73,97.85,91.20,93.70,93.70,99.68,94.73,99.60,94.65,94.65,94.97,94.65,99.92,99.20,99.60,99.20,99.68,99.92,99.28,99.12,99.12,99.84,99.68,99.60,99.60,99.04,99.12,99.76,99.12,99.76,99.12,99.12,99.60,99.60,98.88,99.20,99.68,99.76,99.44,99.76,99.44,99.60,99.68,99.60,100.00,99.52,99.76,99.12,99.60,99.68,99.76,99.68,98.96,99.68,98.88,99.52,99.68,99.68,99.76,99.68,98.96,99.68,98.96,98.96,99.04,99.20,99.12,99.68,98.88,99.76,99.52,99.60,99.76,99.76,99.68,99.68,99.68,99.68,99.60,99.68,99.68,99.04,99.68,99.60,99.68,99.60,99.60,99.36,99.76
spike glycoprotein [SARS coronavirus ES260],87.00,87.59,86.41,87.33,87.18,87.33,86.88,87.41,85.48,86.45,97.93,96.89,97.85,90.96,93.78,93.78,99.36,94.66,99.28,94.58,94.58,94.90,94.58,99.60,99.36,99.60,99.36,99.68,99.60,99.44,99.28,99.28,99.68,99.68,99.60,99.60,99.20,99.28,99.76,99.28,99.76,99.28,99.28,99.60,99.60,99.04,99.36,99.68,99.76,99.44,99.60,99.44,99.60,99.68,99.60,99.52,100.00,99.76,99.28,99.60,99.68,99.76,99.68,99.12,99.84,99.04,99.68,99.68,99.68,99.76,99.68,99.12,99.68,99.12,99.12,99.20,99.36,99.28,99.68,99.04,99.60,99.52,99.60,99.76,99.76,99.68,99.52,99.68,99.68,99.60,99.68,99.68,99.20,99.68,99.60,99.68,99.44,99.60,99.44,99.68
E2 glycoprotein precursor [Severe acute respiratory syndrome-related coronavirus],86.84,87.59,86.24,87.33,87.18,87.33,86.88,87.41,85.47,86.37,97.85,96.65,97.77,91.20,93.54,93.54,99.60,94.58,99.52,94.50,94.50,94.82,94.50,99.84,99.12,99.84,99.12,99.92,99.84,99.20,99.04,99.04,99.92,99.92,99.84,99.84,98.96,99.04,100.00,99.04,100.00,99.04,99.04,99.84,99.84,98.80,99.12,99.92,100.00,99.68,99.84,99.36,99.84,99.92,99.84,99.76,99.76,100.00,99.04,99.84,99.92,100.00,99.92,98.88,99.76,98.80,99.60,99.92,99.92,100.00,99.92,98.88,99.92,98.88,98.88,98.96,99.12,99.04,99.92,98.80,99.84,99.76,99.84,100.00,99.84,99.92,99.76,99.92,99.92,99.84,99.92,99.92,98.96,99.92,99.84,99.92,99.68,99.84,99.60,99.92
spike glycoprotein [SARS coronavirus A013],87.08,87.59,86.49,87.33,87.18,87.33,86.88,87.41,85.33,86.30,97.85,96.97,97.77,90.72,93.94,93.94,99.12,94.66,99.04,94.58,94.58,94.90,94.58,99.20,99.92,98.96,99.92,98.96,99.20,99.84,100.00,100.00,99.12,98.96,98.88,98.88,99.92,100.00,99.04,100.00,99.04,100.00,100.00,98.88,98.88,99.76,99.92,98.96,99.04,98.73,99.04,99.36,98.88,98.96,98.88,99.12,99.28,99.04,100.00,98.88,98.96,99.04,98.96,99.84,99.28,99.76,99.28,98.96,98.96,99.04,98.96,99.68,98.96,99.84,99.84,99.92,99.92,99.84,98.96,99.76,99.04,98.80,98.88,99.04,99.20,99.12,98.96,98.96,98.96,98.88,98.96,98.96,99.76,98.96,98.88,98.96,98.88,98.88,98.73,98.96
spike glycoprotein [Severe acute respiratory syndrome-related coronavirus],86.84,87.59,86.24,87.33,87.18,87.33,86.88,87.41,85.40,86.45,97.69,96.49,97.61,91.20,93.38,93.38,99.44,94.42,99.36,94.34,94.34,94.66,94.34,99.68,98.96,99.68,98.96,99.76,99.68,99.04,98.88,98.88,99.76,99.92,99.68,99.68,98.80,98.88,99.84,98.88,99.84,98.88,98.88,99.84,99.68,98.65,98.96,99.76,99.84,99.52,99.68,99.20,99.68,99.76,99.68,99.60,99.60,99.84,98.88,100.00,99.76,99.84,99.92,98.73,99.60,98.65,99.44,99.76,99.76,99.84,99.76,98.73,99.76,98.73,98.73,98.80,98.96,98.88,99.76,98.65,99.68,99.60,99.84,99.84,99.68,99.76,99.60,99.76,99.76,99.68,99.76,99.76,98.80,99.76,99.68,99.76,99.52,99.68,99.44,99.76
spike glycoprotein [Severe acute respiratory syndrome-related coronavirus],86.77,87.51,86.24,87.25,87.10,87.25,86.80,87.33,85.39,86.29,97.77,96.57,97.69,91.12,93.46,93.46,99.52,94.50,99.44,94.42,94.42,94.74,94.42,99.76,99.04,99.76,99.04,99.84,99.76,99.12,98.96,98.96,99.84,99.84,99.76,99.76,98.88,98.96,99.92,98.96,99.92,98.96,98.96,99.92,99.76,98.73,99.04,99.84,99.92,99.60,99.76,99.28,99.76,99.84,99.76,99.68,99.68,99.92,98.96,99.76,100.00,99.92,99.84,98.80,99.68,98.73,99.52,99.84,99.84,99.92,99.84,98.80,99.84,98.80,98.80,98.88,99.04,98.96,100.00,98.73,99.76,99.68,99.76,99.92,99.76,99.84,99.68,99.84,99.84,99.76,99.84,99.84,98.88,99.84,99.76,99.84,99.60,99.76,99.52,99.84
spike glycoprotein [Severe acute respiratory syndrome-related coronavirus],86.84,87.59,86.24,87.33,87.18,87.33,86.88,87.41,85.47,86.37,97.85,96.65,97.77,91.20,93.54,93.54,99.60,94.58,99.52,94.50,94.50,94.82,94.50,99.84,99.12,99.84,99.12,99.92,99.84,99.20,99.04,99.04,99.92,99.92,99.84,99.84,98.96,99.04,100.00,99.04,100.00,99.04,99.04,99.84,99.84,98.80,99.12,99.92,100.00,99.68,99.84,99.36,99.84,99.92,99.84,99.76,99.76,100.00,99.04,99.84,99.92,100.00,99.92,98.88,99.76,98.80,99.60,99.92,99.92,100.00,99.92,98.88,99.92,98.88,98.88,98.96,99.12,99.04,99.92,98.80,99.84,99.76,99.84,100.00,99.84,99.92,99.76,99.92,99.92,99.84,99.92,99.92,98.96,99.92,99.84,99.92,99.68,99.84,99.60,99.92
spike glycoprotein [Severe acute respiratory syndrome-related coronavirus],86.77,87.51,86.16,87.25,87.10,87.25,86.80,87.33,85.39,86.37,97.77,96.57,97.69,91.28,93.46,93.46,99.52,94.50,99.44,94.42,94.42,94.74,94.42,99.76,99.04,99.76,99.04,99.84,99.76,99.12,98.96,98.96,99.84,99.84,99.76,99.76,98.88,98.96,99.92,98.96,99.92,98.96,98.96,99.76,99.76,98.73,99.04,99.84,99.92,99.60,99.76,99.28,99.76,99.84,99.76,99.68,99.68,99.92,98.96,99.92,99.84,99.92,100.00,98.80,99.68,98.73,99.52,99.84,99.84,99.92,99.84,98.80,99.84,98.80,98.80,98.88,99.04,98.96,99.84,98.73,99.76,99.68,99.92,99.92,99.76,99.84,99.68,99.84,99.84,99.76,99.84,99.84,98.88,99.84,99.76,99.84,99.60,99.76,99.52,99.84
spike glycoprotein [SARS coronavirus C018],87.00,87.51,86.41,87.25,87.10,87.25,86.80,87.33,85.24,86.23,97.69,96.81,97.61,90.64,93.78,93.78,98.96,94.50,98.88,94.42,94.42,94.90,94.42,99.04,99.76,98.80,99.76,98.80,99.04,99.68,99.84,99.84,98.96,98.80,98.73,98.73,99.76,99.84,98.88,99.84,98.88,99.84,99.84,98.73,98.73,99.76,99.76,98.80,98.88,98.57,98.88,99.20,98.73,98.80,98.73,98.96,99.12,98.88,99.84,98.73,98.80,98.88,98.80,100.00,99.12,99.76,99.12,98.80,98.80,98.88,98.80,99.84,98.80,99.68,99.84,99.76,99.76,99.84,98.80,99.76,98.88,98.65,98.73,98.88,99.04,98.96,98.80,98.80,98.80,98.73,98.80,98.80,99.60,98.80,98.73,98.80,98.73,98.73,98.57,98.80
spike glycoprotein [SARS coronavirus CS21],87.00,87.59,86.41,87.25,87.10,87.25,86.80,87.33,85.47,86.37,97.93,96.89,97.85,91.04,93.70,93.70,99.52,94.58,99.44,94.50,94.50,94.82,94.50,99.76,99.36,99.60,99.36,99.68,99.76,99.44,99.28,99.28,99.84,99.68,99.60,99.60,99.20,99.28,99.76,99.28,99.76,99.28,99.28,99.60,99.60,99.04,99.36,99.68,99.76,99.44,99.76,99.60,99.60,99.68,99.60,99.68,99.84,99.76,99.28,99.60,99.68,99.76,99.68,99.12,100.00,99.04,99.68,99.68,99.68,99.76,99.68,99.12,99.68,99.12,99.12,99.20,99.36,99.28,99.68,99.04,99.76,99.52,99.60,99.76,99.76,99.68,99.68,99.68,99.68,99.60,99.68,99.68,99.20,99.68,99.60,99.68,99.60,99.60,99.44,99.68
spike glycoprotein [Civet SARS CoV 007/2004],87.16,87.67,86.57,87.33,87.18,87.33,86.88,87.41,85.24,86.30,97.61,96.73,97.53,90.56,93.70,93.70,98.88,94.42,98.80,94.34,94.34,94.82,94.34,98.96,99.68,98.73,99.68,98.73,98.96,99.60,99.76,99.76,98.88,98.73,98.65,98.65,99.84,99.76,98.80,99.76,98.80,99.76,99.76,98.65,98.65,100.00,99.68,98.73,98.80,98.49,98.80,99.12,98.65,98.73,98.65,98.88,99.04,98.80,99.76,98.65,98.73,98.80,98.73,99.76,99.04,100.00,99.04,98.73,98.73,98.80,98.73,99.76,98.73,99.60,99.92,99.68,99.68,99.76,98.73,100.00,98.80,98.57,98.65,98.80,98.96,98.88,98.73,98.73,98.73,98.65,98.73,98.73,99.52,98.73,98.65,98.73,98.65,98.65,98.49,98.73
spike glycoprotein [SARS coronavirus ES191],87.00,87.51,86.41,87.25,87.10,87.25,86.80,87.33,85.39,86.29,97.77,96.89,97.69,90.96,93.78,93.78,99.36,94.50,99.28,94.42,94.42,94.74,94.42,99.60,99.36,99.44,99.36,99.52,99.60,99.28,99.28,99.28,99.52,99.52,99.44,99.44,99.20,99.28,99.60,99.28,99.60,99.28,99.28,99.44,99.44,99.04,99.20,99.52,99.60,99.28,99.44,99.60,99.44,99.52,99.44,99.52,99.68,99.60,99.28,99.44,99.52,99.60,99.52,99.12,99.68,99.04,100.00,99.52,99.52,99.60,99.52,98.96,99.52,99.12,99.12,99.20,99.20,99.12,99.52,99.04,99.44,99.36,99.44,99.60,99.76,99.52,99.36,99.52,99.52,99.44,99.52,99.52,99.04,99.52,99.44,99.52,99.28,99.44,99.28,99.52
spike protein S [SARS coronavirus Frankfurt 1],86.77,87.51,86.16,87.25,87.10,87.25,86.80,87.33,85.39,86.29,97.77,96.57,97.69,91.12,93.46,93.46,99.52,94.50,99.44,94.42,94.42,94.74,94.42,99.76,99.04,99.76,99.04,99.84,99.76,99.12,98.96,98.96,99.84,99.84,99.76,99.76,98.88,98.96,99.92,98.96,99.92,98.96,98.96,99.76,99.76,98.73,99.04,99.84,99.92,99.60,99.76,99.28,99.76,99.84,99.76,99.68,99.68,99.92,98.96,99.76,99.84,99.92,99.84,98.80,99.68,98.73,99.52,100.00,99.84,99.92,99.84,98.80,99.84,98.80,98.80,98.88,99.04,98.96,99.84,98.73,99.76,99.68,99.76,99.92,99.76,99.84,99.68,99.84,100.00,99.76,99.84,99.84,98.88,99.84,99.76,99.84,99.60,99.76,99.68,99.84
spike glycoprotein precursor [SARS coronavirus HKU-39849],86.77,87.51,86.16,87.25,87.10,87.25,86.80,87.33,85.39,86.29,97.77,96.57,97.69,91.12,93.46,93.46,99.52,94.50,99.44,94.42,94.42,94.74,94.42,99.76,99.04,99.76,99.04,99.84,99.76,99.12,98.96,98.96,99.84,99.84,99.76,99.76,98.88,98.96,99.92,98.96,99.92,98.96,98.96,99.76,99.76,98.73,99.04,99.84,99.92,99.60,99.76,99.28,99.76,99.84,99.76,99.68,99.68,99.92,98.96,99.76,99.84,99.92,99.84,98.80,99.68,98.73,99.52,99.84,100.00,99.92,99.84,98.80,99.84,98.80,98.80,98.88,99.04,98.96,99.84,98.73,99.76,99.68,99.76,99.92,99.76,99.84,99.68,99.84,99.84,99.76,99.84,99.84,98.88,99.84,99.76,99.84,99.60,99.76,99.52,99.84
S protein [Severe acute respiratory syndrome-related coronavirus],86.84,87.51,86.24,87.33,87.18,87.33,86.88,87.41,85.47,86.37,97.85,96.65,97.77,91.20,93.54,93.54,99.60,94.58,99.52,94.50,94.50,94.82,94.50,99.84,99.12,99.84,99.12,99.92,99.84,99.20,99.04,99.04,99.92,99.92,99.84,99.84,98.96,99.04,100.00,99.04,100.00,99.04,99.04,99.84,99.84,98.80,99.12,99.92,100.00,99.68,99.84,99.36,99.84,99.92,99.84,99.76,99.76,100.00,99.04,99.84,99.92,100.00,99.92,98.88,99.76,98.80,99.60,99.92,99.92,100.00,99.92,98.88,99.92,98.88,98.88,98.96,99.12,99.04,99.92,98.80,99.84,99.76,99.84,100.00,99.84,99.92,99.76,99.92,99.92,99.84,99.92,99.92,98.96,99.92,99.84,99.92,99.68,99.84,99.60,99.92
spike glycoprotein precursor [Severe acute respiratory syndrome-related coronavirus],86.77,87.51,86.16,87.25,87.10,87.25,86.80,87.33,85.39,86.29,97.77,96.57,97.69,91.12,93.46,93.46,99.52,94.50,99.44,94.42,94.42,94.74,94.42,99.76,99.04,99.76,99.04,99.84,99.76,99.12,98.96,98.96,99.84,99.84,99.76,99.76,98.88,98.96,99.92,98.96,99.92,98.96,98.96,99.76,99.76,98.73,99.04,99.84,99.92,99.60,99.76,99.28,99.76,99.84,99.76,99.68,99.68,99.92,98.96,99.76,99.84,99.92,99.84,98.80,99.68,98.73,99.52,99.84,99.84,99.92,100.00,98.80,99.84,98.80,98.80,98.88,99.04,98.96,99.84,98.73,99.76,99.68,99.76,99.92,99.76,99.84,99.68,99.84,99.84,99.92,99.84,99.84,98.88,99.84,99.76,99.84,99.60,99.76,99.52,99.84
spike glycoprotein [SARS coronavirus B024],86.92,87.51,86.33,87.18,87.02,87.18,86.72,87.25,85.16,86.22,97.69,96.65,97.61,90.64,93.62,93.62,98.96,94.50,98.88,94.42,94.42,94.90,94.42,99.04,99.60,98.80,99.60,98.80,99.04,99.68,99.68,99.68,98.96,98.80,98.73,98.73,99.60,99.68,98.88,99.68,98.88,99.68,99.68,98.73,98.73,99.76,99.76,98.80,98.88,98.57,98.88,99.04,98.73,98.80,98.73,98.96,99.12,98.88,99.68,98.73,98.80,98.88,98.80,99.84,99.12,99.76,98.96,98.80,98.80,98.88,98.80,100.00,98.80,99.52,99.84,99.60,99.76,99.84,98.80,99.76,98.88,98.65,98.73,98.88,99.04,98.96,98.80,98.80,98.80,98.73,98.80,98.80,99.60,98.80,98.73,98.80,98.73,98.73,98.57,98.80
spike glycoprotein precursor [SARS coronavirus wtic-MB],86.77,87.51,86.16,87.25,87.10,87.25,86.80,87.33,85.39,86.29,97.77,96.57,97.69,91.12,93.46,93.46,99.52,94.50,99.44,94.42,94.42,94.74,94.42,99.76,99.04,99.76,99.04,99.84,99.76,99.12,98.96,98.96,99.84,99.84,99.76,99.76,98.88,98.96,99.92,98.96,99.92,98.96,98.96,99.76,99.76,98.73,99.04,99.84,99.92,99.60,99.76,99.28,99.76,99.84,99.76,99.68,99.68,99.92,98.96,99.76,99.84,99.92,99.84,98.80,99.68,98.73,99.52,99.84,99.84,99.92,99.84,98.80,100.00,98.80,98.80,98.88,99.04,98.96,99.84,98.73,99.76,99.68,99.76,99.92,99.76,99.84,99.68,99.84,99.84,99.76,99.84,99.84,98.88,99.84,99.76,99.84,99.60,99.76,99.52,99.84
spike glycoprotein [SARS coronavirus A001],87.08,87.59,86.49,87.25,87.10,87.25,86.80,87.41,85.32,86.37,97.69,96.89,97.61,90.56,93.86,93.86,98.96,94.50,98.88,94.42,94.42,94.74,94.42,99.04,99.76,98.80,99.76,98.80,99.04,99.68,99.84,99.84,98.96,98.80,98.73,98.73,99.76,99.84,98.88,99.84,98.88,99.84,99.84,98.73,98.73,99.60,99.76,98.80,98.88,98.57,98.88,99.20,98.73,98.80,98.73,98.96,99.12,98.88,99.84,98.73,98.80,98.88,98.80,99.68,99.12,99.60,99.12,98.80,98.80,98.88,98.80,99.52,98.80,100.00,99.68,99.76,99.76,99.68,98.80,99.60,98.88,98.65,98.73,98.88,99.04,98.96,98.80,98.80,98.80,98.73,98.80,98.80,99.60,98.80,98.73,98.80,98.73,98.73,98.57,98.80
spike glycoprotein [SARS coronavirus C025],87.16,87.67,86.57,87.33,87.18,87.33,86.88,87.41,85.24,86.30,97.69,96.81,97.61,90.72,93.78,93.78,98.96,94.50,98.88,94.42,94.42,94.90,94.42,99.04,99.76,98.80,99.76,98.80,99.04,99.68,99.84,99.84,98.96,98.80,98.73,98.73,99.76,99.84,98.88,99.84,98.88,99.84,99.84,98.73,98.73,99.92,99.76,98.80,98.88,98.57,98.88,99.20,98.73,98.80,98.73,98.96,99.12,98.88,99.84,98.73,98.80,98.88,98.80,99.84,99.12,99.92,99.12,98.80,98.80,98.88,98.80,99.84,98.80,99.68,100.00,99.76,99.76,99.84,98.80,99.92,98.88,98.65,98.73,98.88,99.04,98.96,98.80,98.80,98.80,98.73,98.80,98.80,99.60,98.80,98.73,98.80,98.73,98.73,98.57,98.80
spike glycoprotein [SARS coronavirus C028],87.00,87.51,86.41,87.25,87.10,87.25,86.80,87.33,85.25,86.22,97.77,96.89,97.69,90.64,93.86,93.86,99.04,94.58,98.96,94.50,94.50,94.82,94.50,99.12,99.84,98.88,99.84,98.88,99.12,99.76,99.92,99.92,99.04,98.88,98.80,98.80,99.84,99.92,98.96,99.92,98.96,99.92,99.92,98.80,98.80,99.68,99.84,98.88,98.96,98.65,98.96,99.28,98.80,98.88,98.80,99.04,99.20,98.96,99.92,98.80,98.88,98.96,98.88,99.76,99.20,99.68,99.20,98.88,98.88,98.96,98.88,99.60,98.88,99.76,99.76,100.00,99.84,99.76,98.88,99.68,98.96,98.73,98.80,98.96,99.12,99.04,98.88,98.88,98.88,98.80,98.88,98.88,99.68,98.88,98.80,98.88,98.80,98.80,98.65,98.88
spike glycoprotein [SARS coronavirus GD03T0013],87.00,87.59,86.41,87.33,87.18,87.33,86.88,87.41,85.41,86.38,97.93,96.89,97.85,90.80,93.86,93.86,99.20,94.74,99.12,94.66,94.66,94.98,94.66,99.28,99.84,99.04,99.84,99.04,99.28,99.92,99.92,99.92,99.20,99.04,98.96,98.96,99.84,99.92,99.12,99.92,99.12,99.92,99.92,98.96,98.96,99.68,100.00,99.04,99.12,98.80,99.12,99.28,98.96,99.04,98.96,99.20,99.36,99.12,99.92,98.96,99.04,99.12,99.04,99.76,99.36,99.68,99.20,99.04,99.04,99.12,99.04,99.76,99.04,99.76,99.76,99.84,100.00,99.92,99.04,99.68,99.12,98.88,98.96,99.12,99.28,99.20,99.04,99.04,99.04,98.96,99.04,99.04,99.84,99.04,98.96,99.04,98.96,98.96,98.80,99.04
spike glycoprotein [SARS coronavirus A021],87.08,87.67,86.49,87.33,87.18,87.33,86.88,87.41,85.32,86.38,97.85,96.81,97.77,90.80,93.78,93.78,99.12,94.66,99.04,94.58,94.58,95.06,94.58,99.20,99.76,98.96,99.76,98.96,99.20,99.84,99.84,99.84,99.12,98.96,98.88,98.88,99.76,99.84,99.04,99.84,99.04,99.84,99.84,98.88,98.88,99.76,99.92,98.96,99.04,98.73,99.04,99.20,98.88,98.96,98.88,99.12,99.28,99.04,99.84,98.88,98.96,99.04,98.96,99.84,99.28,99.76,99.12,98.96,98.96,99.04,98.96,99.84,98.96,99.68,99.84,99.76,99.92,100.00,98.96,99.76,99.04,98.80,98.88,99.04,99.20,99.12,98.96,98.96,98.96,98.88,98.96,98.96,99.76,98.96,98.88,98.96,98.88,98.88,98.73,98.96
spike glycoprotein [Severe acute respiratory syndrome-related coronavirus],86.77,87.51,86.24,87.25,87.10,87.25,86.80,87.33,85.39,86.29,97.77,96.57,97.69,91.41,93.46,93.46,99.52,94.50,99.44,94.42,94.42,94.74,94.42,99.76,99.04,99.76,99.04,99.84,99.76,99.12,98.96,98.96,99.84,99.84,99.76,99.76,98.88,98.96,99.92,98.96,99.92,98.96,98.96,99.92,99.76,98.73,99.04,99.84,99.92,99.60,99.76,99.28,99.76,99.84,99.76,99.68,99.68,99.92,98.96,99.76,100.00,99.92,99.84,98.80,99.68,98.73,99.52,99.84,99.84,99.92,99.84,98.80,99.84,98.80,98.80,98.88,99.04,98.96,100.00,98.73,99.76,99.68,99.76,99.92,99.76,99.84,99.68,99.84,99.84,99.76,99.84,99.84,98.88,99.84,99.76,99.84,99.60,99.76,99.52,99.84
spike glycoprotein [SARS coronavirus A022],87.08,87.59,86.49,87.25,87.10,87.25,86.80,87.33,85.16,86.22,97.61,96.73,97.53,90.48,93.70,93.70,98.88,94.42,98.80,94.34,94.34,94.82,94.34,98.96,99.68,98.73,99.68,98.73,98.96,99.60,99.76,99.76,98.88,98.73,98.65,98.65,99.84,99.76,98.80,99.76,98.80,99.76,99.76,98.65,98.65,100.00,99.68,98.73,98.80,98.49,98.80,99.12,98.65,98.73,98.65,98.88,99.04,98.80,99.76,98.65,98.73,98.80,98.73,99.76,99.04,100.00,99.04,98.73,98.73,98.80,98.73,99.76,98.73,99.60,99.92,99.68,99.68,99.76,98.73,100.00,98.80,98.57,98.65,98.80,98.96,98.88,98.73,98.73,98.73,98.65,98.73,98.73,99.52,98.73,98.65,98.73,98.65,98.65,98.49,98.73
spike glycoprotein [SARS coronavirus TJF],86.84,87.59,86.24,87.25,87.10,87.25,86.80,87.33,85.39,86.29,97.85,96.65,97.77,91.12,93.46,93.46,99.60,94.50,99.52,94.42,94.42,94.74,94.42,99.84,99.12,99.68,99.12,99.76,99.84,99.20,99.04,99.04,99.92,99.76,99.68,99.68,98.96,99.04,99.84,99.04,99.84,99.04,99.04,99.68,99.68,98.80,99.12,99.76,99.84,99.52,99.84,99.36,99.68,99.76,99.68,99.76,99.60,99.84,99.04,99.68,99.76,99.84,99.76,98.88,99.76,98.80,99.44,99.76,99.76,99.84,99.76,98.88,99.76,98.88,98.88,98.96,99.12,99.04,99.76,98.80,100.00,99.60,99.68,99.84,99.68,99.76,99.76,99.76,99.76,99.68,99.76,99.76,98.96,99.76,99.68,99.76,99.68,99.68,99.44,99.76
spike glycoprotein [SARS coronavirus ExoN1],86.84,87.59,86.24,87.33,87.18,87.33,86.88,87.41,85.39,86.29,97.77,96.41,97.69,90.96,93.30,93.30,99.36,94.50,99.28,94.42,94.42,94.74,94.42,99.60,98.88,99.60,98.88,99.68,99.60,98.96,98.80,98.80,99.68,99.68,99.60,99.60,98.73,98.80,99.76,98.80,99.76,98.80,98.80,99.60,99.60,98.57,98.88,99.84,99.76,99.44,99.60,99.12,99.60,99.68,99.60,99.52,99.52,99.76,98.80,99.60,99.68,99.76,99.68,98.65,99.52,98.57,99.36,99.68,99.68,99.76,99.68,98.65,99.68,98.65,98.65,98.73,98.88,98.80,99.68,98.57,99.60,100.00,99.60,99.76,99.60,99.68,99.52,99.68,99.68,99.60,99.84,99.68,98.73,99.68,99.60,99.68,99.44,99.60,99.44,99.68
spike glycoprotein [Severe acute respiratory syndrome-related coronavirus],86.69,87.43,86.08,87.18,87.02,87.18,86.72,87.25,85.31,86.29,97.69,96.49,97.61,91.20,93.38,93.38,99.44,94.42,99.36,94.34,94.34,94.66,94.34,99.68,98.96,99.68,98.96,99.76,99.68,99.04,98.88,98.88,99.76,99.76,99.68,99.68,98.80,98.88,99.84,98.88,99.84,98.88,98.88,99.68,99.68,98.65,98.96,99.76,99.84,99.52,99.68,99.20,99.68,99.76,99.68,99.60,99.60,99.84,98.88,99.84,99.76,99.84,99.92,98.73,99.60,98.65,99.44,99.76,99.76,99.84,99.76,98.73,99.76,98.73,98.73,98.80,98.96,98.88,99.76,98.65,99.68,99.60,100.00,99.84,99.68,99.76,99.60,99.76,99.76,99.68,99.76,99.76,98.80,99.76,99.68,99.76,99.52,99.68,99.44,99.76
spike glycoprotein precursor [SARS coronavirus MA15 ExoN1],86.84,87.51,86.24,87.33,87.18,87.33,86.88,87.41,85.47,86.37,97.85,96.65,97.77,91.20,93.54,93.54,99.60,94.58,99.52,94.50,94.50,94.82,94.50,99.84,99.12,99.84,99.12,99.92,99.84,99.20,99.04,99.04,99.92,99.92,99.84,99.84,98.96,99.04,100.00,99.04,100.00,99.04,99.04,99.84,99.84,98.80,99.12,99.92,100.00,99.68,99.84,99.36,99.84,99.92,99.84,99.76,99.76,100.00,99.04,99.84,99.92,100.00,99.92,98.88,99.76,98.80,99.60,99.92,99.92,100.00,99.92,98.88,99.92,98.88,98.88,98.96,99.12,99.04,99.92,98.80,99.84,99.76,99.84,100.00,99.84,99.92,99.76,99.92,99.92,99.84,99.92,99.92,98.96,99.92,99.84,99.92,99.68,99.84,99.60,99.92
spike glycoprotein [SARS coronavirus CS24],87.00,87.59,86.41,87.33,87.18,87.33,86.88,87.41,85.55,86.45,98.01,96.89,97.93,91.20,93.78,93.78,99.60,94.74,99.52,94.66,94.66,94.98,94.66,99.84,99.28,99.68,99.28,99.76,99.84,99.36,99.20,99.20,99.76,99.76,99.68,99.68,99.12,99.20,99.84,99.20,99.84,99.20,99.20,99.68,99.68,98.96,99.28,99.76,99.84,99.52,99.68,99.52,99.68,99.76,99.68,99.76,99.76,99.84,99.20,99.68,99.76,99.84,99.76,99.04,99.76,98.96,99.76,99.76,99.76,99.84,99.76,99.04,99.76,99.04,99.04,99.12,99.28,99.20,99.76,98.96,99.68,99.60,99.68,99.84,100.00,99.76,99.60,99.76,99.76,99.68,99.76,99.76,99.12,99.76,99.68,99.76,99.52,99.68,99.52,99.76
spike glycoprotein precursor [SARS coronavirus MA15 ExoN1],86.84,87.51,86.24,87.33,87.18,87.33,86.88,87.41,85.47,86.37,97.77,96.57,97.69,91.20,93.62,93.62,99.52,94.66,99.44,94.58,94.58,94.90,94.58,99.76,99.20,99.76,99.20,99.84,99.76,99.28,99.12,99.12,99.84,99.84,99.76,99.76,99.04,99.12,99.92,99.12,99.92,99.12,99.12,99.76,99.76,98.88,99.20,99.84,99.92,99.60,99.76,99.28,99.76,99.84,99.76,99.68,99.68,99.92,99.12,99.76,99.84,99.92,99.84,98.96,99.68,98.88,99.52,99.84,99.84,99.92,99.84,98.96,99.84,98.96,98.96,99.04,99.20,99.12,99.84,98.88,99.76,99.68,99.76,99.92,99.76,100.00,99.68,99.84,99.84,99.76,99.84,99.84,99.04,99.84,99.76,99.84,99.60,99.76,99.52,99.84
spike glycoprotein [SARS coronavirus BJ302],86.77,87.51,86.16,87.18,87.02,87.18,86.72,87.25,85.39,86.29,97.77,96.57,97.69,91.12,93.46,93.46,99.52,94.50,99.44,94.42,94.42,94.74,94.42,99.76,99.04,99.60,99.04,99.68,99.76,99.12,98.96,98.96,99.84,99.68,99.60,99.60,98.88,98.96,99.76,98.96,99.76,98.96,98.96,99.60,99.60,98.73,99.04,99.68,99.76,99.44,99.76,99.28,99.60,99.68,99.60,99.68,99.52,99.76,98.96,99.60,99.68,99.76,99.68,98.80,99.68,98.73,99.36,99.68,99.68,99.76,99.68,98.80,99.68,98.80,98.80,98.88,99.04,98.96,99.68,98.73,99.76,99.52,99.60,99.76,99.60,99.68,100.00,99.68,99.68,99.60,99.68,99.68,98.88,99.68,99.60,99.68,99.92,99.60,99.36,99.68
spike glycoprotein precursor [SARS coronavirus MA15 ExoN1],86.77,87.43,86.16,87.25,87.10,87.25,86.80,87.33,85.39,86.29,97.77,96.57,97.69,91.12,93.46,93.46,99.52,94.50,99.44,94.42,94.42,94.74,94.42,99.76,99.04,99.76,99.04,99.84,99.76,99.12,98.96,98.96,99.84,99.84,99.76,99.76,98.88,98.96,99.92,98.96,99.92,98.96,98.96,99.76,99.76,98.73,99.04,99.84,99.92,99.60,99.76,99.28,99.76,99.84,99.76,99.68,99.68,99.92,98.96,99.76,99.84,99.92,99.84,98.80,99.68,98.73,99.52,99.84,99.84,99.92,99.84,98.80,99.84,98.80,98.80,98.88,99.04,98.96,99.84,98.73,99.76,99.68,99.76,99.92,99.76,99.84,99.68,100.00,99.84,99.76,99.84,99.84,98.88,99.84,99.76,99.84,99.60,99.76,99.52,99.84
SARS CoV S protein [Expression vector pHCMV-SARS-S (FFM-1)],86.77,87.51,86.16,87.25,87.10,87.25,86.80,87.33,85.39,86.29,97.77,96.57,97.69,91.12,93.46,93.46,99.52,94.50,99.44,94.42,94.42,94.74,94.42,99.76,99.04,99.76,99.04,99.84,99.76,99.12,98.96,98.96,99.84,99.84,99.76,99.76,98.88,98.96,99.92,98.96,99.92,98.96,98.96,99.76,99.76,98.73,99.04,99.84,99.92,99.60,99.76,99.28,99.76,99.84,99.76,99.68,99.68,99.92,98.96,99.76,99.84,99.92,99.84,98.80,99.68,98.73,99.52,100.00,99.84,99.92,99.84,98.80,99.84,98.80,98.80,98.88,99.04,98.96,99.84,98.73,99.76,99.68,99.76,99.92,99.76,99.84,99.68,99.84,100.00,99.76,99.84,99.84,98.88,99.84,99.76,99.84,99.60,99.76,99.68,99.84
spike glycoprotein precursor [Severe acute respiratory syndrome-related coronavirus],86.69,87.43,86.08,87.18,87.02,87.18,86.72,87.25,85.31,86.21,97.69,96.49,97.61,91.04,93.38,93.38,99.44,94.42,99.36,94.34,94.34,94.66,94.34,99.68,98.96,99.68,98.96,99.76,99.68,99.04,98.88,98.88,99.76,99.76,99.68,99.68,98.80,98.88,99.84,98.88,99.84,98.88,98.88,99.68,99.68,98.65,98.96,99.76,99.84,99.52,99.68,99.20,99.68,99.76,99.68,99.60,99.60,99.84,98.88,99.68,99.76,99.84,99.76,98.73,99.60,98.65,99.44,99.76,99.76,99.84,99.92,98.73,99.76,98.73,98.73,98.80,98.96,98.88,99.76,98.65,99.68,99.60,99.68,99.84,99.68,99.76,99.60,99.76,99.76,100.00,99.76,99.76,98.80,99.92,99.68,99.76,99.52,99.68,99.44,99.76
spike glycoprotein precursor [SARS coronavirus ExoN1],86.77,87.51,86.16,87.25,87.10,87.25,86.80,87.33,85.39,86.29,97.77,96.57,97.69,91.12,93.46,93.46,99.52,94.50,99.44,94.42,94.42,94.74,94.42,99.76,99.04,99.76,99.04,99.84,99.76,99.12,98.96,98.96,99.84,99.84,99.76,99.76,98.88,98.96,99.92,98.96,99.92,98.96,98.96,99.76,99.76,98.73,99.04,99.84,99.92,99.60,99.76,99.28,99.76,99.84,99.76,99.68,99.68,99.92,98.96,99.76,99.84,99.92,99.84,98.80,99.68,98.73,99.52,99.84,99.84,99.92,99.84,98.80,99.84,98.80,98.80,98.88,99.04,98.96,99.84,98.73,99.76,99.84,99.76,99.92,99.76,99.84,99.68,99.84,99.84,99.76,100.00,99.84,98.88,99.84,99.76,99.84,99.60,99.76,99.52,99.84
spike glycoprotein S [SARS coronavirus BJ182-8],86.77,87.51,86.16,87.25,87.10,87.25,86.80,87.33,85.39,86.29,97.77,96.57,97.69,91.12,93.46,93.46,99.52,94.50,99.44,94.42,94.42,94.74,94.42,99.76,99.04,99.76,99.04,99.84,99.76,99.12,98.96,98.96,99.84,99.84,99.76,99.76,98.88,98.96,99.92,98.96,99.92,98.96,98.96,99.76,99.76,98.73,99.04,99.84,99.92,99.60,99.76,99.28,99.76,99.84,99.76,99.68,99.68,99.92,98.96,99.76,99.84,99.92,99.84,98.80,99.68,98.73,99.52,99.84,99.84,99.92,99.84,98.80,99.84,98.80,98.80,98.88,99.04,98.96,99.84,98.73,99.76,99.68,99.76,99.92,99.76,99.84,99.68,99.84,99.84,99.76,99.84,100.00,98.88,99.84,99.76,99.84,99.60,99.92,99.52,99.84
spike glycoprotein [SARS coronavirus B012],86.84,87.43,86.24,87.18,87.02,87.18,86.72,87.25,85.25,86.22,97.77,96.73,97.69,90.64,93.70,93.70,99.04,94.58,98.96,94.50,94.50,94.82,94.50,99.12,99.68,98.88,99.68,98.88,99.12,99.76,99.76,99.76,99.04,98.88,98.80,98.80,99.68,99.76,98.96,99.76,98.96,99.76,99.76,98.80,98.80,99.52,99.84,98.88,98.96,98.65,98.96,99.12,98.80,98.88,98.80,99.04,99.20,98.96,99.76,98.80,98.88,98.96,98.88,99.60,99.20,99.52,99.04,98.88,98.88,98.96,98.88,99.60,98.88,99.60,99.60,99.68,99.84,99.76,98.88,99.52,98.96,98.73,98.80,98.96,99.12,99.04,98.88,98.88,98.88,98.80,98.88,98.88,100.00,98.88,98.80,98.88,98.80,98.80,98.65,98.88
spike glycoprotein precursor [SARS coronavirus MA15 ExoN1],86.77,87.43,86.16,87.25,87.10,87.25,86.80,87.33,85.39,86.29,97.77,96.57,97.69,91.12,93.46,93.46,99.52,94.50,99.44,94.42,94.42,94.74,94.42,99.76,99.04,99.76,99.04,99.84,99.76,99.12,98.96,98.96,99.84,99.84,99.76,99.76,98.88,98.96,99.92,98.96,99.92,98.96,98.96,99.76,99.76,98.73,99.04,99.84,99.92,99.60,99.76,99.28,99.76,99.84,99.76,99.68,99.68,99.92,98.96,99.76,99.84,99.92,99.84,98.80,99.68,98.73,99.52,99.84,99.84,99.92,99.84,98.80,99.84,98.80,98.80,98.88,99.04,98.96,99.84,98.73,99.76,99.68,99.76,99.92,99.76,99.84,99.68,99.84,99.84,99.92,99.84,99.84,98.88,100.00,99.76,99.84,99.60,99.76,99.52,99.84
spike [SARS coronavirus ShanghaiQXC2],86.69,87.43,86.08,87.18,87.02,87.18,86.72,87.25,85.31,86.21,97.77,96.57,97.69,91.04,93.46,93.46,99.44,94.50,99.36,94.42,94.42,94.74,94.42,99.68,98.96,99.68,98.96,99.76,99.68,99.04,98.88,98.88,99.76,99.76,99.68,99.68,98.80,98.88,99.84,98.88,99.84,98.88,98.88,99.68,99.68,98.65,98.96,99.76,99.84,99.52,99.68,99.20,99.68,99.76,99.68,99.60,99.60,99.84,98.88,99.68,99.76,99.84,99.76,98.73,99.60,98.65,99.44,99.76,99.76,99.84,99.76,98.73,99.76,98.73,98.73,98.80,98.96,98.88,99.76,98.65,99.68,99.60,99.68,99.84,99.68,99.76,99.60,99.76,99.76,99.68,99.76,99.76,98.80,99.76,100.00,99.76,99.52,99.68,99.44,99.76
spike glycoprotein precursor [SARS coronavirus P2],86.77,87.51,86.16,87.25,87.10,87.25,86.80,87.33,85.39,86.29,97.77,96.57,97.69,91.12,93.46,93.46,99.52,94.50,99.44,94.42,94.42,94.74,94.42,99.76,99.04,99.76,99.04,99.84,99.76,99.12,98.96,98.96,99.84,99.84,99.76,99.76,98.88,98.96,99.92,98.96,99.92,98.96,98.96,99.76,99.76,98.73,99.04,99.84,99.92,99.60,99.76,99.28,99.76,99.84,99.76,99.68,99.68,99.92,98.96,99.76,99.84,99.92,99.84,98.80,99.68,98.73,99.52,99.84,99.84,99.92,99.84,98.80,99.84,98.80,98.80,98.88,99.04,98.96,99.84,98.73,99.76,99.68,99.76,99.92,99.76,99.84,99.68,99.84,99.84,99.76,99.84,99.84,98.88,99.84,99.76,100.00,99.60,99.76,99.52,99.84
spike glycoprotein [SARS coronavirus BJ302],86.69,87.43,86.08,87.10,86.94,87.10,86.65,87.18,85.31,86.21,97.69,96.49,97.61,91.04,93.38,93.38,99.44,94.42,99.36,94.34,94.34,94.66,94.34,99.68,98.96,99.52,98.96,99.60,99.68,99.04,98.88,98.88,99.76,99.60,99.52,99.52,98.80,98.88,99.68,98.88,99.68,98.88,98.88,99.52,99.52,98.65,98.96,99.60,99.68,99.36,99.68,99.20,99.52,99.60,99.52,99.60,99.44,99.68,98.88,99.52,99.60,99.68,99.60,98.73,99.60,98.65,99.28,99.60,99.60,99.68,99.60,98.73,99.60,98.73,98.73,98.80,98.96,98.88,99.60,98.65,99.68,99.44,99.52,99.68,99.52,99.60,99.92,99.60,99.60,99.52,99.60,99.60,98.80,99.60,99.52,99.60,100.00,99.52,99.28,99.60
spike glycoprotein S [SARS coronavirus BJ182-4],86.70,87.44,86.09,87.25,87.10,87.25,86.72,87.33,85.32,86.29,97.69,96.49,97.61,91.04,93.38,93.38,99.44,94.42,99.36,94.34,94.34,94.66,94.34,99.68,98.96,99.68,98.96,99.76,99.68,99.04,98.88,98.88,99.76,99.76,99.68,99.68,98.80,98.88,99.84,98.88,99.84,98.88,98.88,99.68,99.68,98.65,98.96,99.76,99.84,99.52,99.68,99.20,99.68,99.76,99.68,99.60,99.60,99.84,98.88,99.68,99.76,99.84,99.76,98.73,99.60,98.65,99.44,99.76,99.76,99.84,99.76,98.73,99.76,98.73,98.73,98.80,98.96,98.88,99.76,98.65,99.68,99.60,99.68,99.84,99.68,99.76,99.60,99.76,99.76,99.68,99.76,99.92,98.80,99.76,99.68,99.76,99.52,100.00,99.44,99.76
spike protein [SARS coronavirus Frankfurt 1],86.69,87.27,86.08,87.02,86.86,87.02,86.57,87.10,85.23,86.13,97.69,96.33,97.61,90.80,93.22,93.22,99.20,94.42,99.28,94.34,94.34,94.66,94.34,99.44,98.80,99.44,98.80,99.52,99.44,98.88,98.73,98.73,99.52,99.52,99.44,99.44,98.65,98.73,99.60,98.73,99.60,98.73,98.73,99.44,99.44,98.49,98.80,99.60,99.60,99.28,99.44,99.04,99.44,99.52,99.44,99.36,99.44,99.60,98.73,99.44,99.52,99.60,99.52,98.57,99.44,98.49,99.28,99.68,99.52,99.60,99.52,98.57,99.52,98.57,98.57,98.65,98.80,98.73,99.52,98.49,99.44,99.44,99.44,99.60,99.52,99.52,99.36,99.52,99.68,99.44,99.52,99.52,98.65,99.52,99.44,99.52,99.28,99.44,100.00,99.52
spike glycoprotein [Severe acute respiratory syndrome-related coronavirus],87.76,88.52,87.19,88.26,88.10,88.26,87.80,88.26,86.37,86.37,97.77,96.70,97.69,92.71,94.03,94.03,99.52,95.08,99.44,95.00,95.00,95.32,95.00,99.76,99.04,99.76,99.04,99.84,99.76,99.12,98.96,98.96,99.84,99.84,99.76,99.76,98.88,98.96,99.92,98.96,99.92,98.96,98.96,99.76,99.76,98.73,99.04,99.84,99.92,99.60,99.76,99.28,99.76,99.84,99.76,99.76,99.68,99.92,98.96,99.76,99.84,99.92,99.84,98.80,99.68,98.73,99.52,99.84,99.84,99.92,99.84,98.80,99.84,98.80,98.80,98.88,99.04,98.96,99.84,98.73,99.76,99.68,99.76,99.92,99.76,99.84,99.68,99.84,99.84,99.76,99.84,99.84,98.88,99.84,99.76,99.84,99.60,99.76,99.52,100.00