NP_828860.2,2GDT_A,100.000,115,0,0,13,127,2,116,1.75e-76,231,100.00
NP_828860.2,NP_828860.2,100.000,115,0,0,13,127,13,127,7.12e-76,231,100.00
NP_828860.2,AAP82965.1,100.000,115,0,0,13,127,13,127,1.85e-72,233,100.00
NP_828860.2,ACZ72252.1,100.000,115,0,0,13,127,13,127,5.89e-72,243,100.00
NP_828860.2,ACZ71929.1,100.000,115,0,0,13,127,13,127,5.89e-72,243,100.00
NP_828860.2,AEA10621.1,100.000,115,0,0,13,127,13,127,5.89e-72,243,100.00
NP_828860.2,AAR87511.1,100.000,115,0,0,13,127,13,127,5.89e-72,243,100.00
NP_828860.2,ACZ72018.1,100.000,115,0,0,13,127,13,127,5.89e-72,243,100.00
NP_828860.2,AAP13439.1,100.000,115,0,0,13,127,13,127,5.89e-72,243,100.00
NP_828860.2,AEA11011.1,100.000,115,0,0,13,127,13,127,5.89e-72,243,100.00
NP_828860.2,AAR16181.1,100.000,115,0,0,13,127,13,127,5.89e-72,243,100.00
NP_828860.2,ACZ71989.1,100.000,115,0,0,13,127,13,127,5.89e-72,243,100.00
NP_828860.2,AFR58698.1,100.000,115,0,0,13,127,13,127,5.89e-72,243,100.00
NP_828860.2,AGT21076.1,100.000,115,0,0,13,127,13,127,5.89e-72,243,100.00
NP_828860.2,AAP33695.1,100.000,115,0,0,13,127,13,127,5.89e-72,243,100.00
NP_828860.2,AAP13575.1,100.000,115,0,0,13,127,13,127,5.89e-72,243,100.00
NP_828860.2,ACZ71974.1,100.000,115,0,0,13,127,13,127,5.89e-72,243,100.00
NP_828860.2,ACZ72106.1,100.000,115,0,0,13,127,13,127,5.89e-72,243,100.00
NP_828860.2,AFD56972.1,100.000,115,0,0,13,127,13,127,5.89e-72,243,100.00
NP_828860.2,ACZ72238.1,100.000,115,0,0,13,127,13,127,5.89e-72,243,100.00
NP_828860.2,ACZ71824.1,100.000,115,0,0,13,127,13,127,5.89e-72,243,100.00
NP_828860.2,AAX16191.1,100.000,115,0,0,13,127,13,127,5.89e-72,243,100.00
NP_828860.2,AAR91585.1,100.000,115,0,0,13,127,13,127,5.89e-72,243,100.00
NP_828860.2,ACZ71780.1,100.000,115,0,0,13,127,13,127,5.89e-72,243,100.00
NP_828860.2,ACZ71795.1,100.000,115,0,0,13,127,13,127,5.89e-72,243,100.00
NP_828860.2,AAT76148.1,100.000,115,0,0,13,127,13,127,5.89e-72,243,100.00
NP_828860.2,ACZ71914.1,100.000,115,0,0,13,127,13,127,5.89e-72,243,100.00
NP_828860.2,ACZ72193.1,100.000,115,0,0,13,127,13,127,5.89e-72,243,100.00
NP_828860.2,BAE93400.1,100.000,115,0,0,13,127,13,127,5.89e-72,243,100.00
NP_828860.2,ACZ71765.1,100.000,115,0,0,13,127,13,127,5.89e-72,243,100.00
NP_828860.2,ACV88184.1,100.000,115,0,0,13,127,13,127,5.89e-72,243,100.00
NP_828860.2,AEA10726.1,100.000,115,0,0,13,127,13,127,5.89e-72,243,100.00
NP_828860.2,AAR23244.1,100.000,115,0,0,13,127,13,127,5.89e-72,243,100.00
NP_828860.2,ACZ72003.1,100.000,115,0,0,13,127,13,127,5.89e-72,243,100.00
NP_828860.2,AFR58684.1,100.000,115,0,0,13,127,13,127,5.89e-72,243,100.00
NP_828860.2,AAR87544.1,100.000,115,0,0,13,127,13,127,5.89e-72,243,100.00
NP_828860.2,ACZ72120.1,100.000,115,0,0,13,127,13,127,5.89e-72,243,100.00
NP_828860.2,ACZ72223.1,100.000,115,0,0,13,127,13,127,5.89e-72,243,100.00
NP_828860.2,ADC35509.1,100.000,115,0,0,13,127,13,127,5.89e-72,243,100.00
NP_828860.2,NP_828850.1,100.000,115,0,0,13,127,13,127,5.89e-72,243,100.00
NP_828860.2,ACZ72208.1,100.000,115,0,0,13,127,13,127,5.89e-72,243,100.00
NP_828860.2,ACZ72149.1,100.000,115,0,0,13,127,13,127,5.89e-72,243,100.00
NP_828860.2,ABF65834.1,100.000,115,0,0,13,127,13,127,5.89e-72,243,100.00
NP_828860.2,ACZ72178.1,100.000,115,0,0,13,127,13,127,5.89e-72,243,100.00
NP_828860.2,ACZ72076.1,100.000,115,0,0,13,127,13,127,5.89e-72,243,100.00
NP_828860.2,AAP30029.1,100.000,115,0,0,13,127,13,127,5.89e-72,243,100.00
NP_828860.2,AEA10816.1,100.000,115,0,0,13,127,13,127,5.89e-72,243,100.00
NP_828860.2,AFM43865.1,100.000,115,0,0,13,127,13,127,5.89e-72,243,100.00
NP_828860.2,ACZ72283.1,100.000,115,0,0,13,127,13,127,5.89e-72,243,100.00
NP_828860.2,ACZ72033.1,100.000,115,0,0,13,127,13,127,5.89e-72,243,100.00
NP_828860.2,AAR23252.1,100.000,115,0,0,13,127,13,127,5.89e-72,243,100.00
NP_828860.2,AEA10531.1,100.000,115,0,0,13,127,13,127,5.89e-72,243,100.00
NP_828860.2,AEA10756.1,100.000,115,0,0,13,127,13,127,5.89e-72,243,100.00
NP_828860.2,AAY60778.1,100.000,115,0,0,13,127,13,127,5.89e-72,243,100.00
NP_828860.2,AAR87533.1,100.000,115,0,0,13,127,13,127,5.89e-72,243,100.00
NP_828860.2,AAR86774.1,100.000,115,0,0,13,127,13,127,5.91e-72,243,100.00
NP_828860.2,AAU04648.1,100.000,115,0,0,13,127,13,127,5.91e-72,243,100.00
NP_828860.2,AAU04645.1,100.000,115,0,0,13,127,13,127,5.91e-72,243,100.00
NP_828860.2,ACZ72150.1,100.000,115,0,0,13,127,13,127,5.91e-72,243,100.00
NP_828860.2,ACZ72179.1,100.000,115,0,0,13,127,13,127,5.91e-72,243,100.00
NP_828860.2,AAT76146.1,100.000,115,0,0,13,127,13,127,5.91e-72,243,100.00
NP_828860.2,AAY60791.1,100.000,115,0,0,13,127,13,127,5.91e-72,243,100.00
NP_828860.2,ACZ72239.1,100.000,115,0,0,13,127,13,127,5.91e-72,243,100.00
NP_828860.2,ACZ71825.1,100.000,115,0,0,13,127,13,127,5.91e-72,243,100.00
NP_828860.2,AAU04663.1,100.000,115,0,0,13,127,13,127,5.91e-72,243,100.00
NP_828860.2,AAR87587.1,100.000,115,0,0,13,127,13,127,5.91e-72,243,100.00
NP_828860.2,AEA10622.1,100.000,115,0,0,13,127,13,127,5.91e-72,243,100.00
NP_828860.2,ACZ71751.1,100.000,115,0,0,13,127,13,127,5.91e-72,243,100.00
NP_828860.2,AAP94757.1,100.000,115,0,0,13,127,13,127,5.91e-72,243,100.00
NP_828860.2,AAR14802.1,100.000,115,0,0,13,127,13,127,5.91e-72,243,100.00
NP_828860.2,ACZ72004.1,100.000,115,0,0,13,127,13,127,5.91e-72,243,100.00
NP_828860.2,ACZ71766.1,100.000,115,0,0,13,127,13,127,5.91e-72,243,100.00
NP_828860.2,ACZ71930.1,100.000,115,0,0,13,127,13,127,5.91e-72,243,100.00
NP_828860.2,ACZ71975.1,100.000,115,0,0,13,127,13,127,5.91e-72,243,100.00
NP_828860.2,AFD56971.1,100.000,115,0,0,13,127,13,127,5.91e-72,243,100.00
NP_828860.2,ACZ71781.1,100.000,115,0,0,13,127,13,127,5.91e-72,243,100.00
NP_828860.2,ACZ71915.1,100.000,115,0,0,13,127,13,127,5.91e-72,243,100.00
NP_828860.2,ACZ72034.1,100.000,115,0,0,13,127,13,127,5.91e-72,243,100.00
NP_828860.2,AAP33696.1,100.000,115,0,0,13,127,13,127,5.91e-72,243,100.00
NP_828860.2,AEA10817.1,100.000,115,0,0,13,127,13,127,5.91e-72,243,100.00
NP_828860.2,AEA10532.1,100.000,115,0,0,13,127,13,127,5.91e-72,243,100.00
NP_828860.2,AAR91584.1,100.000,115,0,0,13,127,13,127,5.91e-72,243,100.00
NP_828860.2,AAV49729.1,100.000,115,0,0,13,127,13,127,5.91e-72,243,100.00
NP_828860.2,AEA10757.1,100.000,115,0,0,13,127,13,127,5.91e-72,243,100.00
NP_828860.2,AGT21077.1,100.000,115,0,0,13,127,13,127,5.91e-72,243,100.00
NP_828860.2,AAR14810.1,100.000,115,0,0,13,127,13,127,5.91e-72,243,100.00
NP_828860.2,AAR87510.1,100.000,115,0,0,13,127,13,127,5.91e-72,243,100.00
NP_828860.2,ACZ72282.1,100.000,115,0,0,13,127,13,127,5.91e-72,243,100.00
NP_828860.2,ACZ72121.1,100.000,115,0,0,13,127,13,127,5.91e-72,243,100.00
NP_828860.2,AAR87532.1,100.000,115,0,0,13,127,13,127,5.91e-72,243,100.00
NP_828860.2,ACZ72165.1,100.000,115,0,0,13,127,13,127,5.91e-72,243,100.00
NP_828860.2,ACZ72077.1,100.000,115,0,0,13,127,13,127,5.91e-72,243,100.00
NP_828860.2,AAP13566.1,100.000,115,0,0,13,127,13,127,5.91e-72,243,100.00
NP_828860.2,AAV91630.1,100.000,115,0,0,13,127,13,127,5.91e-72,243,100.00
NP_828860.2,AAR23243.1,100.000,115,0,0,13,127,13,127,5.91e-72,243,100.00
NP_828860.2,AEA10727.1,100.000,115,0,0,13,127,13,127,5.91e-72,243,100.00
NP_828860.2,AAR23251.1,100.000,115,0,0,13,127,13,127,5.91e-72,243,100.00
NP_828860.2,ACZ71796.1,100.000,115,0,0,13,127,13,127,5.91e-72,243,100.00
NP_828860.2,AAP49011.4,100.000,115,0,0,13,127,13,127,5.91e-72,243,100.00
NP_828860.2,AAP82978.2,100.000,115,0,0,13,127,13,127,5.91e-72,243,100.00
NP_828860.2,ACZ72019.1,100.000,115,0,0,13,127,13,127,5.91e-72,243,100.00
NP_828860.2,AAY60779.1,100.000,115,0,0,13,127,13,127,5.91e-72,243,100.00
NP_828860.2,AFM43866.1,100.000,115,0,0,13,127,13,127,5.91e-72,243,100.00
NP_828860.2,ACZ72135.1,100.000,115,0,0,13,127,13,127,5.91e-72,243,100.00
NP_828860.2,ACZ72107.1,100.000,115,0,0,13,127,13,127,5.91e-72,243,100.00
NP_828860.2,AAP30028.1,100.000,115,0,0,13,127,13,127,5.91e-72,243,100.00
NP_828860.2,AAP13442.1,100.000,115,0,0,13,127,13,127,5.91e-72,243,100.00
NP_828860.2,ACZ71840.1,100.000,115,0,0,13,127,13,127,5.91e-72,243,100.00
NP_828860.2,AFR58685.1,100.000,115,0,0,13,127,13,127,5.91e-72,243,100.00
NP_828860.2,ACZ71990.1,100.000,115,0,0,13,127,13,127,5.91e-72,243,100.00
NP_828860.2,AFR58699.1,100.000,115,0,0,13,127,13,127,5.91e-72,243,100.00
NP_828860.2,AAR87543.1,100.000,115,0,0,13,127,13,127,5.91e-72,243,100.00
NP_828860.2,ACZ71945.1,100.000,115,0,0,13,127,13,127,5.91e-72,243,100.00
NP_828860.2,ABF65835.1,100.000,115,0,0,13,127,13,127,5.91e-72,243,100.00
NP_828860.2,ACZ72209.1,100.000,115,0,0,13,127,13,127,5.91e-72,243,100.00
NP_828860.2,ACZ72253.1,100.000,115,0,0,13,127,13,127,5.91e-72,243,100.00
NP_828860.2,NP_828849.2,100.000,115,0,0,13,127,13,127,5.91e-72,243,100.00
NP_828860.2,ACZ72194.1,100.000,115,0,0,13,127,13,127,5.91e-72,243,100.00
NP_828860.2,AEA10397.1,100.000,115,0,0,13,127,13,127,5.91e-72,243,100.00
NP_828860.2,BAE93399.1,100.000,115,0,0,13,127,13,127,5.91e-72,243,100.00
NP_828860.2,AAX16193.1,100.000,115,0,0,13,127,13,127,5.91e-72,243,100.00
NP_828860.2,ACZ72224.1,100.000,115,0,0,13,127,13,127,5.91e-72,243,100.00
NP_828860.2,ADC35510.1,100.000,115,0,0,13,127,13,127,5.91e-72,243,100.00
NP_828860.2,AEA11012.1,100.000,115,0,0,13,127,13,127,5.91e-72,243,100.00
NP_828860.2,AAP41036.1,100.000,115,0,0,13,127,13,127,5.91e-72,243,100.00
NP_828860.2,ATO98217.1,99.130,115,1,0,13,127,13,127,1.85e-71,241,100.00
NP_828860.2,ATO98144.1,99.130,115,1,0,13,127,13,127,1.85e-71,241,100.00
NP_828860.2,ALK02469.1,99.130,115,1,0,13,127,13,127,1.85e-71,241,100.00
NP_828860.2,ATO98156.1,99.130,115,1,0,13,127,13,127,1.85e-71,241,100.00
NP_828860.2,ATO98168.1,99.130,115,1,0,13,127,13,127,1.85e-71,241,100.00
NP_828860.2,ATO98230.1,99.130,115,1,0,13,127,13,127,1.85e-71,241,100.00
NP_828860.2,AGZ48829.1,99.130,115,1,0,13,127,13,127,1.85e-71,241,100.00
NP_828860.2,ATO98204.1,99.130,115,1,0,13,127,13,127,1.85e-71,241,100.00
NP_828860.2,AGZ48804.1,99.130,115,1,0,13,127,13,127,1.85e-71,241,100.00
NP_828860.2,ATO98192.1,99.130,115,1,0,13,127,13,127,1.85e-71,241,100.00
NP_828860.2,ATO98107.1,99.130,115,1,0,13,127,13,127,1.85e-71,241,100.00
NP_828860.2,ATO98131.1,99.130,115,1,0,13,127,13,127,1.85e-71,241,100.00
NP_828860.2,ATO98119.1,99.130,115,1,0,13,127,13,127,1.85e-71,241,100.00
NP_828860.2,AGZ48816.1,99.130,115,1,0,13,127,13,127,1.85e-71,241,100.00
NP_828860.2,ATO98143.1,99.130,115,1,0,13,127,13,127,1.85e-71,241,100.00
NP_828860.2,ARI44798.1,99.130,115,1,0,13,127,13,127,1.85e-71,241,100.00
NP_828860.2,AGZ48830.1,99.130,115,1,0,13,127,13,127,1.85e-71,241,100.00
NP_828860.2,ATO98216.1,99.130,115,1,0,13,127,13,127,1.85e-71,241,100.00
NP_828860.2,QDF43824.1,99.130,115,1,0,13,127,13,127,1.85e-71,241,100.00
NP_828860.2,ATO98130.1,99.130,115,1,0,13,127,13,127,1.85e-71,241,100.00
NP_828860.2,AGZ48805.1,99.130,115,1,0,13,127,13,127,1.85e-71,241,100.00
NP_828860.2,ATO98106.1,99.130,115,1,0,13,127,13,127,1.85e-71,241,100.00
NP_828860.2,ATO98191.1,99.130,115,1,0,13,127,13,127,1.85e-71,241,100.00
NP_828860.2,ATO98203.1,99.130,115,1,0,13,127,13,127,1.85e-71,241,100.00
NP_828860.2,QDF43834.1,99.130,115,1,0,13,127,13,127,1.85e-71,241,100.00
NP_828860.2,QDF43829.1,99.130,115,1,0,13,127,13,127,1.85e-71,241,100.00
NP_828860.2,ATO98229.1,99.130,115,1,0,13,127,13,127,1.85e-71,241,100.00
NP_828860.2,ALK02468.1,99.130,115,1,0,13,127,13,127,1.85e-71,241,100.00
NP_828860.2,AGZ48817.1,99.130,115,1,0,13,127,13,127,1.85e-71,241,100.00
NP_828860.2,ATO98118.1,99.130,115,1,0,13,127,13,127,1.85e-71,241,100.00
NP_828860.2,ATO98167.1,99.130,115,1,0,13,127,13,127,1.85e-71,241,100.00
NP_828860.2,ATO98155.1,99.130,115,1,0,13,127,13,127,1.85e-71,241,100.00
NP_828860.2,ACB69870.1,99.130,115,1,0,13,127,13,127,2.86e-71,241,99.13
NP_828860.2,ACB69914.1,99.130,115,1,0,13,127,13,127,2.86e-71,241,99.13
NP_828860.2,ACB69882.1,99.130,115,1,0,13,127,13,127,2.87e-71,241,99.13
NP_828860.2,ACB69904.1,99.130,115,1,0,13,127,13,127,2.87e-71,241,99.13
NP_828860.2,ACB69859.1,99.130,115,1,0,13,127,13,127,2.87e-71,241,99.13
NP_828860.2,ATO98180.1,98.261,115,2,0,13,127,13,127,3.03e-71,241,100.00
NP_828860.2,QDF43819.1,98.261,115,2,0,13,127,13,127,3.04e-71,241,100.00
NP_828860.2,ATO98179.1,98.261,115,2,0,13,127,13,127,3.04e-71,241,100.00
NP_828860.2,AAR87598.1,99.130,115,1,0,13,127,13,127,5.54e-71,240,99.13
NP_828860.2,AAR87599.1,99.130,115,1,0,13,127,13,127,5.57e-71,240,99.13
NP_828860.2,P0C6F8.1,98.261,115,2,0,13,127,13,127,6.32e-71,240,100.00
NP_828860.2,ADE34822.1,98.261,115,2,0,13,127,13,127,6.34e-71,240,100.00
NP_828860.2,ADE34800.1,98.261,115,2,0,13,127,13,127,6.34e-71,240,100.00
NP_828860.2,ADE34778.1,98.261,115,2,0,13,127,13,127,6.34e-71,240,100.00
NP_828860.2,P0C6W2.1,98.261,115,2,0,13,127,13,127,6.34e-71,240,100.00
NP_828860.2,ADE34743.1,98.261,115,2,0,13,127,13,127,6.34e-71,240,100.00
NP_828860.2,ADE34732.1,98.261,115,2,0,13,127,13,127,6.34e-71,240,100.00
NP_828860.2,ADE34811.1,98.261,115,2,0,13,127,13,127,6.34e-71,240,100.00
NP_828860.2,ADE34721.1,98.261,115,2,0,13,127,13,127,6.34e-71,240,100.00
NP_828860.2,AAZ41328.1,98.261,115,2,0,13,127,13,127,6.34e-71,240,100.00
NP_828860.2,ADE34765.1,98.261,115,2,0,13,127,13,127,6.34e-71,240,100.00
NP_828860.2,ADE34754.1,98.261,115,2,0,13,127,13,127,6.34e-71,240,100.00
NP_828860.2,ARI44803.1,98.261,115,2,0,13,127,13,127,8.01e-71,239,100.00
NP_828860.2,AAP51226.1,99.130,115,1,0,13,127,13,127,8.96e-71,239,99.13
NP_828860.2,AAP51225.1,99.130,115,1,0,13,127,13,127,8.99e-71,239,99.13
NP_828860.2,AAS00002.1,99.130,115,1,0,13,127,13,127,8.99e-71,239,99.13
NP_828860.2,QDF43814.1,97.391,115,3,0,13,127,13,127,1.88e-70,239,99.13
NP_828860.2,ACU31042.1,98.261,115,2,0,13,127,13,127,2.43e-70,238,99.13
NP_828860.2,ACU31044.1,98.261,115,2,0,13,127,13,127,2.44e-70,238,99.13
NP_828860.2,AID16715.1,96.522,115,4,0,13,127,13,127,9.57e-70,236,99.13
NP_828860.2,AIA62329.1,97.391,115,3,0,13,127,13,127,2.78e-69,235,98.26
NP_828860.2,AGC74164.1,95.652,115,5,0,13,127,13,127,5.24e-69,234,98.26
NP_828860.2,AIA62319.1,95.652,115,5,0,13,127,13,127,6.33e-69,234,97.39
NP_828860.2,AIA62309.1,94.783,115,6,0,13,127,13,127,1.35e-68,233,98.26
NP_828860.2,P0C6F5.1,93.913,115,7,0,13,127,13,127,8.55e-68,231,97.39
NP_828860.2,P0C6V9.1,93.913,115,7,0,13,127,13,127,8.58e-68,231,97.39
NP_828860.2,P0C6T7.1,91.304,115,10,0,13,127,13,127,9.04e-66,225,96.52
NP_828860.2,P0C6W6.1,91.304,115,10,0,13,127,13,127,9.07e-66,225,96.52
NP_828860.2,AID16713.1,91.304,115,10,0,13,127,13,127,9.86e-66,225,95.65
NP_828860.2,AHX37556.1,91.304,115,10,0,13,127,13,127,9.86e-66,225,95.65
NP_828860.2,AID16712.1,91.304,115,10,0,13,127,13,127,9.90e-66,225,95.65
NP_828860.2,ANA96089.1,90.435,115,11,0,13,127,13,127,2.99e-65,214,94.78
NP_828860.2,ARO76381.1,90.435,115,11,0,13,127,13,127,3.79e-65,223,94.78
NP_828860.2,ASO66808.1,91.304,115,10,0,13,127,13,127,5.27e-65,223,96.52
NP_828860.2,ABD75321.1,91.304,115,10,0,13,127,13,127,5.27e-65,223,96.52
NP_828860.2,ABD75330.1,91.304,115,10,0,13,127,13,127,5.27e-65,223,96.52
NP_828860.2,ANA96026.1,91.304,115,10,0,13,127,13,127,5.29e-65,223,96.52
NP_828860.2,AIA62289.1,91.304,115,10,0,13,127,13,127,5.29e-65,223,96.52
NP_828860.2,AIA62276.1,91.304,115,10,0,13,127,13,127,5.29e-65,223,96.52
NP_828860.2,AIA62299.1,91.304,115,10,0,13,127,13,127,5.29e-65,223,96.52
NP_828860.2,ABG47059.1,91.304,115,10,0,13,127,13,127,5.29e-65,223,96.52
NP_828860.2,AGC74171.1,90.435,115,11,0,13,127,13,127,7.05e-65,223,95.65
NP_828860.2,AKZ19086.1,91.304,115,10,0,13,127,13,127,8.08e-65,223,96.52
NP_828860.2,AKZ19085.1,91.304,115,10,0,13,127,13,127,8.11e-65,223,96.52
NP_828860.2,ARI44808.1,89.565,115,12,0,13,127,13,127,2.83e-64,221,96.52
NP_828860.2,AID16714.1,89.565,115,12,0,13,127,13,127,2.83e-64,221,96.52
NP_828860.2,AKZ19075.1,90.435,115,11,0,13,127,13,127,4.45e-64,220,96.52
NP_828860.2,AKZ19074.1,90.435,115,11,0,13,127,13,127,4.46e-64,220,96.52
NP_828860.2,YP_009725297.1,86.087,115,16,0,13,127,13,127,1.12e-63,201,93.04
NP_828860.2,AVP78041.1,86.957,115,15,0,13,127,13,127,1.08e-61,213,93.91
NP_828860.2,QIZ14352.1,86.087,115,16,0,13,127,13,127,1.14e-61,213,93.91
NP_828860.2,QIZ14351.1,86.087,115,16,0,13,127,13,127,1.14e-61,213,93.91
NP_828860.2,QIU78845.1,86.087,115,16,0,13,127,13,127,2.75e-61,212,93.04
NP_828860.2,QIU78858.1,86.087,115,16,0,13,127,13,127,2.75e-61,212,93.04
NP_828860.2,QIZ64591.1,86.087,115,16,0,13,127,13,127,2.75e-61,212,93.04
NP_828860.2,QIU80936.1,86.087,115,16,0,13,127,1,115,2.75e-61,212,93.04
NP_828860.2,QIZ13082.1,86.087,115,16,0,13,127,3,117,2.75e-61,212,93.04
NP_828860.2,QIZ13202.1,86.087,115,16,0,13,127,3,117,2.75e-61,212,93.04
NP_828860.2,QIZ14376.1,86.087,115,16,0,13,127,4,118,2.75e-61,212,93.04
NP_828860.2,QIZ14400.1,86.087,115,16,0,13,127,6,120,2.75e-61,212,93.04
NP_828860.2,QIU81704.1,86.087,115,16,0,13,127,6,120,2.75e-61,212,93.04
NP_828860.2,QIS60275.1,86.087,115,16,0,13,127,13,127,2.75e-61,212,93.04
NP_828860.2,QJA16972.1,86.087,115,16,0,13,127,9,123,2.75e-61,212,93.04
NP_828860.2,QJA17083.1,86.087,115,16,0,13,127,13,127,2.75e-61,212,93.04
NP_828860.2,QJC19802.1,86.087,115,16,0,13,127,13,127,2.75e-61,212,93.04
NP_828860.2,QIS61025.1,86.087,115,16,0,13,127,13,127,2.75e-61,212,93.04
NP_828860.2,QIZ13538.1,86.087,115,16,0,13,127,13,127,2.75e-61,212,93.04
NP_828860.2,QIZ64469.1,86.087,115,16,0,13,127,13,127,2.75e-61,212,93.04
NP_828860.2,QIZ14088.1,86.087,115,16,0,13,127,13,127,2.75e-61,212,93.04
NP_828860.2,QJA17727.1,86.087,115,16,0,13,127,13,127,2.75e-61,212,93.04
NP_828860.2,QIZ13250.1,86.087,115,16,0,13,127,12,126,2.75e-61,212,93.04
NP_828860.2,QIZ13716.1,86.087,115,16,0,13,127,13,127,2.75e-61,212,93.04
NP_828860.2,QJC19766.1,86.087,115,16,0,13,127,13,127,2.75e-61,212,93.04
NP_828860.2,QJA17311.1,86.087,115,16,0,13,127,13,127,2.75e-61,212,93.04
NP_828860.2,QIU80912.1,86.087,115,16,0,13,127,13,127,2.75e-61,212,93.04
NP_828860.2,QJA17431.1,86.087,115,16,0,13,127,13,127,2.75e-61,212,93.04
NP_828860.2,QJA17047.1,86.087,115,16,0,13,127,13,127,2.75e-61,212,93.04
NP_828860.2,QJC20330.1,86.087,115,16,0,13,127,13,127,2.75e-61,212,93.04
NP_828860.2,QIU81824.1,86.087,115,16,0,13,127,13,127,2.75e-61,212,93.04
NP_828860.2,QJC21040.1,86.087,115,16,0,13,127,13,127,2.75e-61,212,93.04
NP_828860.2,QIV64988.1,86.087,115,16,0,13,127,13,127,2.75e-61,212,93.04
NP_828860.2,QIZ14304.1,86.087,115,16,0,13,127,13,127,2.75e-61,212,93.04
NP_828860.2,QIS60287.1,86.087,115,16,0,13,127,13,127,2.75e-61,212,93.04
NP_828860.2,QJA16711.1,86.087,115,16,0,13,127,13,127,2.75e-61,212,93.04
NP_828860.2,QIS61229.1,86.087,115,16,0,13,127,13,127,2.75e-61,212,93.04
NP_828860.2,QIZ14016.1,86.087,115,16,0,13,127,13,127,2.75e-61,212,93.04
NP_828860.2,QIS30053.2,86.087,115,16,0,13,127,13,127,2.75e-61,212,93.04
NP_828860.2,QIU81176.1,86.087,115,16,0,13,127,13,127,2.75e-61,212,93.04
NP_828860.2,QIZ14412.1,86.087,115,16,0,13,127,13,127,2.75e-61,212,93.04
NP_828860.2,QJC19826.1,86.087,115,16,0,13,127,13,127,2.75e-61,212,93.04
NP_828860.2,QJC20006.1,86.087,115,16,0,13,127,13,127,2.75e-61,212,93.04
NP_828860.2,QIS60809.1,86.087,115,16,0,13,127,13,127,2.75e-61,212,93.04
NP_828860.2,QIS60881.1,86.087,115,16,0,13,127,13,127,2.75e-61,212,93.04
NP_828860.2,QJA16603.1,86.087,115,16,0,13,127,13,127,2.75e-61,212,93.04
NP_828860.2,QIU81620.1,86.087,115,16,0,13,127,13,127,2.75e-61,212,93.04
NP_828860.2,QIZ13022.1,86.087,115,16,0,13,127,13,127,2.75e-61,212,93.04
NP_828860.2,QIU81212.1,86.087,115,16,0,13,127,13,127,2.75e-61,212,93.04
NP_828860.2,QIS61349.1,86.087,115,16,0,13,127,13,127,2.75e-61,212,93.04
NP_828860.2,QJA17251.1,86.087,115,16,0,13,127,13,127,2.75e-61,212,93.04
NP_828860.2,QIZ13740.1,86.087,115,16,0,13,127,13,127,2.75e-61,212,93.04
NP_828860.2,QIU81764.1,86.087,115,16,0,13,127,13,127,2.75e-61,212,93.04
NP_828860.2,QIZ64384.1,86.087,115,16,0,13,127,13,127,2.75e-61,212,93.04
NP_828860.2,QIS60617.1,86.087,115,16,0,13,127,13,127,2.75e-61,212,93.04
NP_828860.2,QIS60785.1,86.087,115,16,0,13,127,13,127,2.75e-61,212,93.04
NP_828860.2,QIU81092.1,86.087,115,16,0,13,127,13,127,2.75e-61,212,93.04
NP_828860.2,QIV15175.1,86.087,115,16,0,13,127,13,127,2.75e-61,212,93.04
NP_828860.2,QIS61373.1,86.087,115,16,0,13,127,13,127,2.75e-61,212,93.04
NP_828860.2,QJA17239.1,86.087,115,16,0,13,127,13,127,2.75e-61,212,93.04
NP_828860.2,QIS61073.1,86.087,115,16,0,13,127,13,127,2.75e-61,212,93.04
NP_828860.2,QIU80984.1,86.087,115,16,0,13,127,13,127,2.75e-61,212,93.04
NP_828860.2,QIZ13992.1,86.087,115,16,0,13,127,13,127,2.75e-61,212,93.04
NP_828860.2,QIQ22759.1,86.087,115,16,0,13,127,13,127,2.75e-61,212,93.04
NP_828860.2,QJC19982.1,86.087,115,16,0,13,127,13,127,2.75e-61,212,93.04
NP_828860.2,QIZ64517.1,86.087,115,16,0,13,127,13,127,2.75e-61,212,93.04
NP_828860.2,QIZ13788.1,86.087,115,16,0,13,127,13,127,2.75e-61,212,93.04
NP_828860.2,QIS60725.1,86.087,115,16,0,13,127,13,127,2.75e-61,212,93.04
NP_828860.2,QII87781.1,86.087,115,16,0,13,127,13,127,2.75e-61,212,93.04
NP_828860.2,YP_009725295.1,86.087,115,16,0,13,127,13,127,2.75e-61,212,93.04
NP_828860.2,QIT06974.1,86.087,115,16,0,13,127,13,127,2.75e-61,212,93.04
NP_828860.2,QJA17383.1,86.087,115,16,0,13,127,13,127,2.75e-61,212,93.04
NP_828860.2,QJC20725.1,86.087,115,16,0,13,127,13,127,2.75e-61,212,93.04
NP_828860.2,QIS29993.1,86.087,115,16,0,13,127,13,127,2.75e-61,212,93.04
NP_828860.2,QIU81680.1,86.087,115,16,0,13,127,13,127,2.75e-61,212,93.04
NP_828860.2,QJC19850.1,86.087,115,16,0,13,127,13,127,2.75e-61,212,93.04
NP_828860.2,QJA17023.1,86.087,115,16,0,13,127,13,127,2.75e-61,212,93.04
NP_828860.2,QJC21028.1,86.087,115,16,0,13,127,13,127,2.75e-61,212,93.04
NP_828860.2,QIZ13622.1,86.087,115,16,0,13,127,13,127,2.75e-61,212,93.04
NP_828860.2,QIU81332.1,86.087,115,16,0,13,127,13,127,2.75e-61,212,93.04
NP_828860.2,QJA16615.1,86.087,115,16,0,13,127,13,127,2.75e-61,212,93.04
NP_828860.2,QJC19742.1,86.087,115,16,0,13,127,13,127,2.75e-61,212,93.04
NP_828860.2,QJA42116.1,86.087,115,16,0,13,127,13,127,2.75e-61,212,93.04
NP_828860.2,QIV14983.1,86.087,115,16,0,13,127,13,127,2.75e-61,212,93.04
NP_828860.2,QJA16783.1,86.087,115,16,0,13,127,13,127,2.75e-61,212,93.04
NP_828860.2,QIZ13776.1,86.087,115,16,0,13,127,13,127,2.75e-61,212,93.04
NP_828860.2,QIZ13094.1,86.087,115,16,0,13,127,13,127,2.75e-61,212,93.04
NP_828860.2,QJA17547.1,86.087,115,16,0,13,127,13,127,2.75e-61,212,93.04
NP_828860.2,QIU78814.1,86.087,115,16,0,13,127,13,127,2.75e-61,212,93.04
NP_828860.2,QJA42200.1,86.087,115,16,0,13,127,13,127,2.75e-61,212,93.04
NP_828860.2,QIA20043.1,86.087,115,16,0,13,127,13,127,2.75e-61,212,93.04
NP_828860.2,QIZ64707.1,86.087,115,16,0,13,127,13,127,2.75e-61,212,93.04
NP_828860.2,QIZ97050.1,86.087,115,16,0,13,127,13,127,2.75e-61,212,93.04
NP_828860.2,QIZ14472.1,86.087,115,16,0,13,127,13,127,2.75e-61,212,93.04
NP_828860.2,QIZ13944.1,86.087,115,16,0,13,127,13,127,2.75e-61,212,93.04
NP_828860.2,QJA17347.1,86.087,115,16,0,13,127,13,127,2.75e-61,212,93.04
NP_828860.2,QIS60869.1,86.087,115,16,0,13,127,13,127,2.75e-61,212,93.04
NP_828860.2,QJC20545.1,86.087,115,16,0,13,127,13,127,2.75e-61,212,93.04
NP_828860.2,QIU81872.1,86.087,115,16,0,13,127,13,127,2.75e-61,212,93.04
NP_828860.2,QIZ64349.1,86.087,115,16,0,13,127,13,127,2.75e-61,212,93.04
NP_828860.2,QIS61109.1,86.087,115,16,0,13,127,13,127,2.75e-61,212,93.04
NP_828860.2,QJC19862.1,86.087,115,16,0,13,127,13,127,2.75e-61,212,93.04
NP_828860.2,QJC20366.1,86.087,115,16,0,13,127,13,127,2.75e-61,212,93.04
NP_828860.2,QJA17371.1,86.087,115,16,0,13,127,13,127,2.75e-61,212,93.04
NP_828860.2,QIZ13382.1,86.087,115,16,0,13,127,13,127,2.75e-61,212,93.04
NP_828860.2,QIZ14604.1,86.087,115,16,0,13,127,13,127,2.75e-61,212,93.04
NP_828860.2,QIZ14640.1,86.087,115,16,0,13,127,13,127,2.75e-61,212,93.04
NP_828860.2,QIZ15944.1,86.087,115,16,0,13,127,13,127,2.75e-61,212,93.04
NP_828860.2,QJA17643.1,86.087,115,16,0,13,127,13,127,2.75e-61,212,93.04
NP_828860.2,QJC19886.1,86.087,115,16,0,13,127,13,127,2.75e-61,212,93.04
NP_828860.2,QIZ64481.1,86.087,115,16,0,13,127,13,127,2.75e-61,212,93.04
NP_828860.2,QIZ64623.1,86.087,115,16,0,13,127,13,127,2.75e-61,212,93.04
NP_828860.2,QJA17011.1,86.087,115,16,0,13,127,13,127,2.75e-61,212,93.04
NP_828860.2,QIZ14928.1,86.087,115,16,0,13,127,13,127,2.75e-61,212,93.04
NP_828860.2,QIU81416.1,86.087,115,16,0,13,127,13,127,2.75e-61,212,93.04
NP_828860.2,QIX14034.1,86.087,115,16,0,13,127,13,127,2.75e-61,212,93.04
NP_828860.2,QJC19922.1,86.087,115,16,0,13,127,13,127,2.75e-61,212,93.04
NP_828860.2,QIZ64577.1,86.087,115,16,0,13,127,13,127,2.75e-61,212,93.04
NP_828860.2,QJC19946.1,86.087,115,16,0,13,127,13,127,2.75e-61,212,93.04
NP_828860.2,QIU78730.1,86.087,115,16,0,13,127,13,127,2.75e-61,212,93.04
NP_828860.2,QJA17275.1,86.087,115,16,0,13,127,13,127,2.75e-61,212,93.04
NP_828860.2,QIU81260.1,86.087,115,16,0,13,127,13,127,2.75e-61,212,93.04
NP_828860.2,QJA41640.1,86.087,115,16,0,13,127,13,127,2.75e-61,212,93.04
NP_828860.2,QIS61157.1,86.087,115,16,0,13,127,13,127,2.75e-61,212,93.04
NP_828860.2,QIS61481.1,86.087,115,16,0,13,127,13,127,2.75e-61,212,93.04
NP_828860.2,QJC20258.1,86.087,115,16,0,13,127,13,127,2.75e-61,212,93.04
NP_828860.2,QIZ13334.1,86.087,115,16,0,13,127,13,127,2.75e-61,212,93.04
NP_828860.2,QIZ14676.1,86.087,115,16,0,13,127,13,127,2.75e-61,212,93.04
NP_828860.2,QIV15187.1,86.087,115,16,0,13,127,13,127,2.75e-61,212,93.04
NP_828860.2,QIZ14760.1,86.087,115,16,0,13,127,13,127,2.75e-61,212,93.04
NP_828860.2,QJA16999.1,86.087,115,16,0,13,127,13,127,2.75e-61,212,93.04
NP_828860.2,QIZ14460.1,86.087,115,16,0,13,127,13,127,2.75e-61,212,93.04
NP_828860.2,QJA17751.1,86.087,115,16,0,13,127,13,127,2.75e-61,212,93.04
NP_828860.2,QIZ14772.1,86.087,115,16,0,13,127,13,127,2.75e-61,212,93.04
NP_828860.2,QJC20835.1,86.087,115,16,0,13,127,13,127,2.75e-61,212,93.04
NP_828860.2,QIS61421.1,86.087,115,16,0,13,127,13,127,2.75e-61,212,93.04
NP_828860.2,QIU78834.1,86.087,115,16,0,13,127,13,127,2.75e-61,212,93.04
NP_828860.2,QJA16651.1,86.087,115,16,0,13,127,13,127,2.75e-61,212,93.04
NP_828860.2,QIZ14136.1,86.087,115,16,0,13,127,13,127,2.75e-61,212,93.04
NP_828860.2,QJC19994.1,86.087,115,16,0,13,127,13,127,2.75e-61,212,93.04
NP_828860.2,QJC19622.1,86.087,115,16,0,13,127,13,127,2.75e-61,212,93.04
NP_828860.2,QJC20138.1,86.087,115,16,0,13,127,13,127,2.75e-61,212,93.04
NP_828860.2,QIZ13322.1,86.087,115,16,0,13,127,13,127,2.75e-61,212,93.04
NP_828860.2,QJA17583.1,86.087,115,16,0,13,127,13,127,2.75e-61,212,93.04
NP_828860.2,QJC19838.1,86.087,115,16,0,13,127,13,127,2.75e-61,212,93.04
NP_828860.2,QIZ14844.1,86.087,115,16,0,13,127,13,127,2.75e-61,212,93.04
NP_828860.2,QIZ64360.1,86.087,115,16,0,13,127,13,127,2.75e-61,212,93.04
NP_828860.2,QIS60569.1,86.087,115,16,0,13,127,13,127,2.75e-61,212,93.04
NP_828860.2,QIT06878.1,86.087,115,16,0,13,127,13,127,2.75e-61,212,93.04
NP_828860.2,QIX12194.1,86.087,115,16,0,13,127,13,127,2.75e-61,212,93.04
NP_828860.2,QJA16555.1,86.087,115,16,0,13,127,13,127,2.75e-61,212,93.04
NP_828860.2,QIU81284.1,86.087,115,16,0,13,127,13,127,2.75e-61,212,93.04
NP_828860.2,QIZ13872.1,86.087,115,16,0,13,127,13,127,2.75e-61,212,93.04
NP_828860.2,QJA17523.1,86.087,115,16,0,13,127,13,127,2.75e-61,212,93.04
NP_828860.2,QIV15163.1,86.087,115,16,0,13,127,13,127,2.75e-61,212,93.04
NP_828860.2,QIS61001.1,86.087,115,16,0,13,127,13,127,2.75e-61,212,93.04
NP_828860.2,QIU81584.1,86.087,115,16,0,13,127,13,127,2.75e-61,212,93.04
NP_828860.2,QJC20713.1,86.087,115,16,0,13,127,13,127,2.75e-61,212,93.04
NP_828860.2,QJC20509.1,86.087,115,16,0,13,127,13,127,2.75e-61,212,93.04
NP_828860.2,QIS60593.1,86.087,115,16,0,13,127,13,127,2.75e-61,212,93.04
NP_828860.2,QII87829.1,86.087,115,16,0,13,127,13,127,2.75e-61,212,93.04
NP_828860.2,QIS60797.1,86.087,115,16,0,13,127,13,127,2.75e-61,212,93.04
NP_828860.2,QJC20486.1,86.087,115,16,0,13,127,13,127,2.75e-61,212,93.04
NP_828860.2,QIS61085.1,86.087,115,16,0,13,127,13,127,2.75e-61,212,93.04
NP_828860.2,QJC19646.1,86.087,115,16,0,13,127,13,127,2.75e-61,212,93.04
NP_828860.2,QIZ64745.1,86.087,115,16,0,13,127,13,127,2.75e-61,212,93.04
NP_828860.2,QJC19586.1,86.087,115,16,0,13,127,13,127,2.75e-61,212,93.04
NP_828860.2,QIS61205.1,86.087,115,16,0,13,127,13,127,2.75e-61,212,93.04
NP_828860.2,QIZ15980.1,86.087,115,16,0,13,127,13,127,2.75e-61,212,93.04
NP_828860.2,QJC20114.1,86.087,115,16,0,13,127,13,127,2.75e-61,212,93.04
NP_828860.2,QJA17407.1,86.087,115,16,0,13,127,13,127,2.75e-61,212,93.04
NP_828860.2,QJC20474.1,86.087,115,16,0,13,127,13,127,2.75e-61,212,93.04
NP_828860.2,QIS60989.1,86.087,115,16,0,13,127,13,127,2.75e-61,212,93.04
NP_828860.2,QJA16459.1,86.087,115,16,0,13,127,13,127,2.75e-61,212,93.04
NP_828860.2,QIZ64288.1,86.087,115,16,0,13,127,13,127,2.75e-61,212,93.04
NP_828860.2,QJC20342.1,86.087,115,16,0,13,127,13,127,2.75e-61,212,93.04
NP_828860.2,QIZ13668.1,86.087,115,16,0,13,127,13,127,2.75e-61,212,93.04
NP_828860.2,QJA16951.1,86.087,115,16,0,13,127,13,127,2.75e-61,212,93.04
NP_828860.2,QIX13722.1,86.087,115,16,0,13,127,13,127,2.75e-61,212,93.04
NP_828860.2,QJC19574.1,86.087,115,16,0,13,127,13,127,2.75e-61,212,93.04
NP_828860.2,QIZ64647.1,86.087,115,16,0,13,127,13,127,2.75e-61,212,93.04
NP_828860.2,QJC20498.1,86.087,115,16,0,13,127,13,127,2.75e-61,212,93.04
NP_828860.2,QJC19910.1,86.087,115,16,0,13,127,13,127,2.75e-61,212,93.04
NP_828860.2,QJA16687.1,86.087,115,16,0,13,127,13,127,2.75e-61,212,93.04
NP_828860.2,QIZ12962.1,86.087,115,16,0,13,127,13,127,2.75e-61,212,93.04
NP_828860.2,QIU81476.1,86.087,115,16,0,13,127,13,127,2.75e-61,212,93.04
NP_828860.2,QIX13818.1,86.087,115,16,0,13,127,13,127,2.75e-61,212,93.04
NP_828860.2,QIU80908.1,86.087,115,16,0,13,127,13,127,2.75e-61,212,93.04
NP_828860.2,QIZ16184.1,86.087,115,16,0,13,127,13,127,2.75e-61,212,93.04
NP_828860.2,QIU81608.1,86.087,115,16,0,13,127,13,127,2.75e-61,212,93.04
NP_828860.2,QJA42044.1,86.087,115,16,0,13,127,13,127,2.75e-61,212,93.04
NP_828860.2,QJC19502.1,86.087,115,16,0,13,127,13,127,2.75e-61,212,93.04
NP_828860.2,QJC20533.1,86.087,115,16,0,13,127,13,127,2.75e-61,212,93.04
NP_828860.2,QJA17155.1,86.087,115,16,0,13,127,13,127,2.75e-61,212,93.04
NP_828860.2,QJA42020.1,86.087,115,16,0,13,127,13,127,2.75e-61,212,93.04
NP_828860.2,QJA17467.1,86.087,115,16,0,13,127,13,127,2.75e-61,212,93.04
NP_828860.2,QIZ13310.1,86.087,115,16,0,13,127,13,127,2.75e-61,212,93.04
NP_828860.2,QIZ13692.1,86.087,115,16,0,13,127,13,127,2.75e-61,212,93.04
NP_828860.2,QIU81836.1,86.087,115,16,0,13,127,13,127,2.75e-61,212,93.04
NP_828860.2,QJA16435.1,86.087,115,16,0,13,127,13,127,2.75e-61,212,93.04
NP_828860.2,QJA17619.1,86.087,115,16,0,13,127,13,127,2.75e-61,212,93.04
NP_828860.2,QIZ15920.1,86.087,115,16,0,13,127,13,127,2.75e-61,212,93.04
NP_828860.2,QJA16939.1,86.087,115,16,0,13,127,13,127,2.75e-61,212,93.04
NP_828860.2,QIS60917.1,86.087,115,16,0,13,127,13,127,2.75e-61,212,93.04
NP_828860.2,QIZ15824.1,86.087,115,16,0,13,127,13,127,2.75e-61,212,93.04
NP_828860.2,QIZ13106.1,86.087,115,16,0,13,127,13,127,2.75e-61,212,93.04
NP_828860.2,QIZ64744.1,86.087,115,16,0,13,127,13,127,2.75e-61,212,93.04
NP_828860.2,QIZ64590.1,86.087,115,16,0,13,127,13,127,2.76e-61,212,93.04
NP_828860.2,QIS60274.1,86.087,115,16,0,13,127,13,127,2.76e-61,212,93.04
NP_828860.2,QIU80935.1,86.087,115,16,0,13,127,1,115,2.76e-61,212,93.04
NP_828860.2,QIZ13201.1,86.087,115,16,0,13,127,3,117,2.76e-61,212,93.04
NP_828860.2,QIZ13081.1,86.087,115,16,0,13,127,3,117,2.76e-61,212,93.04
NP_828860.2,QIZ14375.1,86.087,115,16,0,13,127,4,118,2.76e-61,212,93.04
NP_828860.2,QIZ14399.1,86.087,115,16,0,13,127,6,120,2.76e-61,212,93.04
NP_828860.2,QIZ13609.1,86.087,115,16,0,13,127,6,120,2.76e-61,212,93.04
NP_828860.2,QIU81703.1,86.087,115,16,0,13,127,6,120,2.76e-61,212,93.04
NP_828860.2,QJA16971.1,86.087,115,16,0,13,127,9,123,2.76e-61,212,93.04
NP_828860.2,QIS30284.1,86.087,115,16,0,13,127,13,127,2.76e-61,212,93.04
NP_828860.2,QJC19801.1,86.087,115,16,0,13,127,13,127,2.76e-61,212,93.04
NP_828860.2,QJA17082.1,86.087,115,16,0,13,127,13,127,2.76e-61,212,93.04
NP_828860.2,QIS30564.1,86.087,115,16,0,13,127,10,124,2.76e-61,212,93.04
NP_828860.2,QIS61024.1,86.087,115,16,0,13,127,13,127,2.76e-61,212,93.04
NP_828860.2,QIZ13537.1,86.087,115,16,0,13,127,13,127,2.76e-61,212,93.04
NP_828860.2,QIQ50001.1,86.087,115,16,0,13,127,13,127,2.76e-61,212,93.04
NP_828860.2,QHZ00388.1,86.087,115,16,0,13,127,13,127,2.76e-61,212,93.04
NP_828860.2,QJA17726.1,86.087,115,16,0,13,127,13,127,2.76e-61,212,93.04
NP_828860.2,QJA17738.1,86.087,115,16,0,13,127,13,127,2.76e-61,212,93.04
NP_828860.2,QIQ49841.1,86.087,115,16,0,13,127,13,127,2.76e-61,212,93.04
NP_828860.2,QIZ14087.1,86.087,115,16,0,13,127,13,127,2.76e-61,212,93.04
NP_828860.2,QIZ64468.1,86.087,115,16,0,13,127,13,127,2.76e-61,212,93.04
NP_828860.2,QIZ13249.1,86.087,115,16,0,13,127,12,126,2.76e-61,212,93.04
NP_828860.2,QIZ64683.1,86.087,115,16,0,13,127,13,127,2.76e-61,212,93.04
NP_828860.2,QIZ97049.1,86.087,115,16,0,13,127,13,127,2.76e-61,212,93.04
NP_828860.2,QID21067.1,86.087,115,16,0,13,127,13,127,2.76e-61,212,93.04
NP_828860.2,QIZ64444.1,86.087,115,16,0,13,127,13,127,2.76e-61,212,93.04
NP_828860.2,QIQ49831.1,86.087,115,16,0,13,127,13,127,2.76e-61,212,93.04
NP_828860.2,QIZ12961.1,86.087,115,16,0,13,127,13,127,2.76e-61,212,93.04
NP_828860.2,QIS30654.1,86.087,115,16,0,13,127,13,127,2.76e-61,212,93.04
NP_828860.2,QIS30134.1,86.087,115,16,0,13,127,13,127,2.76e-61,212,93.04
NP_828860.2,QIZ13309.1,86.087,115,16,0,13,127,13,127,2.76e-61,212,93.04
NP_828860.2,QJA17430.1,86.087,115,16,0,13,127,13,127,2.76e-61,212,93.04
NP_828860.2,QJA41983.1,86.087,115,16,0,13,127,13,127,2.76e-61,212,93.04
NP_828860.2,QIZ13093.1,86.087,115,16,0,13,127,13,127,2.76e-61,212,93.04
NP_828860.2,QIZ64395.1,86.087,115,16,0,13,127,13,127,2.76e-61,212,93.04
NP_828860.2,QIZ16183.1,86.087,115,16,0,13,127,13,127,2.76e-61,212,93.04
NP_828860.2,QIJ96502.1,86.087,115,16,0,13,127,13,127,2.76e-61,212,93.04
NP_828860.2,QIZ13991.1,86.087,115,16,0,13,127,13,127,2.76e-61,212,93.04
NP_828860.2,QIU78844.1,86.087,115,16,0,13,127,13,127,2.76e-61,212,93.04
NP_828860.2,QIX13781.1,86.087,115,16,0,13,127,13,127,2.76e-61,212,93.04
NP_828860.2,QHW06058.1,86.087,115,16,0,13,127,13,127,2.76e-61,212,93.04
NP_828860.2,QIQ08799.1,86.087,115,16,0,13,127,13,127,2.76e-61,212,93.04
NP_828860.2,QII57287.1,86.087,115,16,0,13,127,13,127,2.76e-61,212,93.04
NP_828860.2,QIZ64576.1,86.087,115,16,0,13,127,13,127,2.76e-61,212,93.04
NP_828860.2,QIZ13177.1,86.087,115,16,0,13,127,13,127,2.76e-61,212,93.04
NP_828860.2,QIQ49981.1,86.087,115,16,0,13,127,13,127,2.76e-61,212,93.04
NP_828860.2,QIU81175.1,86.087,115,16,0,13,127,13,127,2.76e-61,212,93.04
NP_828860.2,QJC19945.1,86.087,115,16,0,13,127,13,127,2.76e-61,212,93.04
NP_828860.2,QIS30294.1,86.087,115,16,0,13,127,13,127,2.76e-61,212,93.04
NP_828860.2,QIZ15859.1,86.087,115,16,0,13,127,13,127,2.76e-61,212,93.04
NP_828860.2,QIZ15571.1,86.087,115,16,0,13,127,13,127,2.76e-61,212,93.04
NP_828860.2,QIZ15835.1,86.087,115,16,0,13,127,13,127,2.76e-61,212,93.04
NP_828860.2,QII57167.1,86.087,115,16,0,13,127,13,127,2.76e-61,212,93.04
NP_828860.2,QIS60568.1,86.087,115,16,0,13,127,13,127,2.76e-61,212,93.04
NP_828860.2,QJA17250.1,86.087,115,16,0,13,127,13,127,2.76e-61,212,93.04
NP_828860.2,QIV65021.1,86.087,115,16,0,13,127,13,127,2.76e-61,212,93.04
NP_828860.2,QIQ49761.1,86.087,115,16,0,13,127,13,127,2.76e-61,212,93.04
NP_828860.2,QHQ71962.1,86.087,115,16,0,13,127,13,127,2.76e-61,212,93.04
NP_828860.2,QIZ15703.1,86.087,115,16,0,13,127,13,127,2.76e-61,212,93.04
NP_828860.2,QJA17522.1,86.087,115,16,0,13,127,13,127,2.76e-61,212,93.04
NP_828860.2,QIU81415.1,86.087,115,16,0,13,127,13,127,2.76e-61,212,93.04
NP_828860.2,QIE07480.1,86.087,115,16,0,13,127,13,127,2.76e-61,212,93.04
NP_828860.2,QJA17382.1,86.087,115,16,0,13,127,13,127,2.76e-61,212,93.04
NP_828860.2,QIV15186.1,86.087,115,16,0,13,127,13,127,2.76e-61,212,93.04
NP_828860.2,QIZ64564.1,86.087,115,16,0,13,127,13,127,2.76e-61,212,93.04
NP_828860.2,QIZ64798.1,86.087,115,16,0,13,127,13,127,2.76e-61,212,93.04
NP_828860.2,QIZ14639.1,86.087,115,16,0,13,127,13,127,2.76e-61,212,93.04
NP_828860.2,QIZ64311.1,86.087,115,16,0,13,127,13,127,2.76e-61,212,93.04
NP_828860.2,QIZ64276.1,86.087,115,16,0,13,127,13,127,2.76e-61,212,93.04
NP_828860.2,QIZ13021.1,86.087,115,16,0,13,127,13,127,2.76e-61,212,93.04
NP_828860.2,QJA17046.1,86.087,115,16,0,13,127,13,127,2.76e-61,212,93.04
NP_828860.2,QJC20305.1,86.087,115,16,0,13,127,13,127,2.76e-61,212,93.04
NP_828860.2,QIZ13153.1,86.087,115,16,0,13,127,13,127,2.76e-61,212,93.04
NP_828860.2,QIZ15559.1,86.087,115,16,0,13,127,13,127,2.76e-61,212,93.04
NP_828860.2,QJC19621.1,86.087,115,16,0,13,127,13,127,2.76e-61,212,93.04
NP_828860.2,QII57165.1,86.087,115,16,0,13,127,13,127,2.76e-61,212,93.04
NP_828860.2,QIS60784.1,86.087,115,16,0,13,127,13,127,2.76e-61,212,93.04
NP_828860.2,QJA17118.1,86.087,115,16,0,13,127,13,127,2.76e-61,212,93.04
NP_828860.2,QIH55220.1,86.087,115,16,0,13,127,13,127,2.76e-61,212,93.04
NP_828860.2,QJA16998.1,86.087,115,16,0,13,127,13,127,2.76e-61,212,93.04
NP_828860.2,QIU81871.1,86.087,115,16,0,13,127,13,127,2.76e-61,212,93.04
NP_828860.2,QJC19501.1,86.087,115,16,0,13,127,13,127,2.76e-61,212,93.04
NP_828860.2,QIZ13105.1,86.087,115,16,0,13,127,13,127,2.76e-61,212,93.04
NP_828860.2,QIZ64371.1,86.087,115,16,0,13,127,13,127,2.76e-61,212,93.04
NP_828860.2,QIZ13621.1,86.087,115,16,0,13,127,13,127,2.76e-61,212,93.04
NP_828860.2,QJA41819.1,86.087,115,16,0,13,127,13,127,2.76e-61,212,93.04
NP_828860.2,QIZ13333.1,86.087,115,16,0,13,127,13,127,2.76e-61,212,93.04
NP_828860.2,QHR63289.1,86.087,115,16,0,13,127,13,127,2.76e-61,212,93.04
NP_828860.2,QIS30004.1,86.087,115,16,0,13,127,13,127,2.76e-61,212,93.04
NP_828860.2,QIU81235.1,86.087,115,16,0,13,127,13,127,2.76e-61,212,93.04
NP_828860.2,QJC19825.1,86.087,115,16,0,13,127,13,127,2.76e-61,212,93.04
NP_828860.2,QHR63249.1,86.087,115,16,0,13,127,13,127,2.76e-61,212,93.04
NP_828860.2,QIQ50021.1,86.087,115,16,0,13,127,13,127,2.76e-61,212,93.04
NP_828860.2,QIZ64774.1,86.087,115,16,0,13,127,13,127,2.76e-61,212,93.04
NP_828860.2,QIZ15967.1,86.087,115,16,0,13,127,13,127,2.76e-61,212,93.04
NP_828860.2,QIS29980.1,86.087,115,16,0,13,127,13,127,2.76e-61,212,93.04
NP_828860.2,QIZ15979.1,86.087,115,16,0,13,127,13,127,2.76e-61,212,93.04
NP_828860.2,QIA98605.1,86.087,115,16,0,13,127,13,127,2.76e-61,212,93.04
NP_828860.2,QJA17370.1,86.087,115,16,0,13,127,13,127,2.76e-61,212,93.04
NP_828860.2,QJC19921.1,86.087,115,16,0,13,127,13,127,2.76e-61,212,93.04
NP_828860.2,QIV15018.1,86.087,115,16,0,13,127,13,127,2.76e-61,212,93.04
NP_828860.2,QIS61000.1,86.087,115,16,0,13,127,13,127,2.76e-61,212,93.04
NP_828860.2,QIZ14411.1,86.087,115,16,0,13,127,13,127,2.76e-61,212,93.04
NP_828860.2,QJC19849.1,86.087,115,16,0,13,127,13,127,2.76e-61,212,93.04
NP_828860.2,QJA42019.1,86.087,115,16,0,13,127,13,127,2.76e-61,212,93.04
NP_828860.2,QIG55904.1,86.087,115,16,0,13,127,13,127,2.76e-61,212,93.04
NP_828860.2,QIQ49801.1,86.087,115,16,0,13,127,13,127,2.76e-61,212,93.04
NP_828860.2,QIZ64884.1,86.087,115,16,0,13,127,13,127,2.76e-61,212,93.04
NP_828860.2,QIS61156.1,86.087,115,16,0,13,127,13,127,2.76e-61,212,93.04
NP_828860.2,QIH45022.1,86.087,115,16,0,13,127,13,127,2.76e-61,212,93.04
NP_828860.2,QJC20664.1,86.087,115,16,0,13,127,13,127,2.76e-61,212,93.04
NP_828860.2,QIQ49781.1,86.087,115,16,0,13,127,13,127,2.76e-61,212,93.04
NP_828860.2,QIM47466.2,86.087,115,16,0,13,127,13,127,2.76e-61,212,93.04
NP_828860.2,QIQ49861.1,86.087,115,16,0,13,127,13,127,2.76e-61,212,93.04
NP_828860.2,QHQ71972.1,86.087,115,16,0,13,127,13,127,2.76e-61,212,93.04
NP_828860.2,QJC19993.1,86.087,115,16,0,13,127,13,127,2.76e-61,212,93.04
NP_828860.2,QJC20341.1,86.087,115,16,0,13,127,13,127,2.76e-61,212,93.04
NP_828860.2,QIZ13033.1,86.087,115,16,0,13,127,13,127,2.76e-61,212,93.04
NP_828860.2,QIV65087.1,86.087,115,16,0,13,127,13,127,2.76e-61,212,93.04
NP_828860.2,BCB97890.1,86.087,115,16,0,13,127,13,127,2.76e-61,212,93.04
NP_828860.2,QIZ14603.1,86.087,115,16,0,13,127,13,127,2.76e-61,212,93.04
NP_828860.2,QHZ00378.1,86.087,115,16,0,13,127,13,127,2.76e-61,212,93.04
NP_828860.2,QIK50426.1,86.087,115,16,0,13,127,13,127,2.76e-61,212,93.04
NP_828860.2,QIQ68653.1,86.087,115,16,0,13,127,13,127,2.76e-61,212,93.04
NP_828860.2,QIV65010.1,86.087,115,16,0,13,127,13,127,2.76e-61,212,93.04
NP_828860.2,QIZ14675.1,86.087,115,16,0,13,127,13,127,2.76e-61,212,93.04
NP_828860.2,QIZ14135.1,86.087,115,16,0,13,127,13,127,2.76e-61,212,93.04
NP_828860.2,QIU81583.1,86.087,115,16,0,13,127,13,127,2.76e-61,212,93.04
NP_828860.2,QIX14033.1,86.087,115,16,0,13,127,13,127,2.76e-61,212,93.04
NP_828860.2,QHQ82463.1,86.087,115,16,0,13,127,13,127,2.76e-61,212,93.04
NP_828860.2,QJC20616.1,86.087,115,16,0,13,127,13,127,2.76e-61,212,93.04
NP_828860.2,QIQ08809.1,86.087,115,16,0,13,127,13,127,2.76e-61,212,93.04
NP_828860.2,QIK02943.1,86.087,115,16,0,13,127,13,127,2.76e-61,212,93.04
NP_828860.2,QJA42043.1,86.087,115,16,0,13,127,13,127,2.76e-61,212,93.04
NP_828860.2,QIZ13775.1,86.087,115,16,0,13,127,13,127,2.76e-61,212,93.04
NP_828860.2,QJA17262.1,86.087,115,16,0,13,127,13,127,2.76e-61,212,93.04
NP_828860.2,QJC20089.1,86.087,115,16,0,13,127,13,127,2.76e-61,212,93.04
NP_828860.2,QIZ14771.1,86.087,115,16,0,13,127,13,127,2.76e-61,212,93.04
NP_828860.2,QIQ49951.1,86.087,115,16,0,13,127,13,127,2.76e-61,212,93.04
NP_828860.2,QIZ13763.1,86.087,115,16,0,13,127,13,127,2.76e-61,212,93.04
NP_828860.2,QJA17154.1,86.087,115,16,0,13,127,13,127,2.76e-61,212,93.04
NP_828860.2,QIZ16063.1,86.087,115,16,0,13,127,13,127,2.76e-61,212,93.04
NP_828860.2,QJA42127.1,86.087,115,16,0,13,127,13,127,2.76e-61,212,93.04
NP_828860.2,QIM47456.1,86.087,115,16,0,13,127,13,127,2.76e-61,212,93.04
NP_828860.2,QJC20137.1,86.087,115,16,0,13,127,13,127,2.76e-61,212,93.04
NP_828860.2,QJA42007.1,86.087,115,16,0,13,127,13,127,2.76e-61,212,93.04
NP_828860.2,QIZ14339.1,86.087,115,16,0,13,127,13,127,2.76e-61,212,93.04
NP_828860.2,QIV64999.1,86.087,115,16,0,13,127,13,127,2.76e-61,212,93.04
NP_828860.2,QJC19981.1,86.087,115,16,0,13,127,13,127,2.76e-61,212,93.04
NP_828860.2,QIZ64786.1,86.087,115,16,0,13,127,13,127,2.76e-61,212,93.04
NP_828860.2,QIS61228.1,86.087,115,16,0,13,127,13,127,2.76e-61,212,93.04
NP_828860.2,QJA16614.1,86.087,115,16,0,13,127,13,127,2.76e-61,212,93.04
NP_828860.2,QIZ64516.1,86.087,115,16,0,13,127,13,127,2.76e-61,212,93.04
NP_828860.2,QJC19909.1,86.087,115,16,0,13,127,13,127,2.76e-61,212,93.04
NP_828860.2,QIU81211.1,86.087,115,16,0,13,127,13,127,2.76e-61,212,93.04
NP_828860.2,QJA17022.1,86.087,115,16,0,13,127,13,127,2.76e-61,212,93.04
NP_828860.2,QIS60592.1,86.087,115,16,0,13,127,13,127,2.76e-61,212,93.04
NP_828860.2,QIZ64275.1,86.087,115,16,0,13,127,13,127,2.76e-61,212,93.04
NP_828860.2,QIZ64345.1,86.087,115,16,0,13,127,13,127,2.76e-61,212,93.04
NP_828860.2,QJA16458.1,86.087,115,16,0,13,127,13,127,2.76e-61,212,93.04
NP_828860.2,QIA98553.1,86.087,115,16,0,13,127,13,127,2.76e-61,212,93.04
NP_828860.2,QIX12193.2,86.087,115,16,0,13,127,13,127,2.76e-61,212,93.04
NP_828860.2,QIX13745.1,86.087,115,16,0,13,127,13,127,2.76e-61,212,93.04
NP_828860.2,QIQ22758.1,86.087,115,16,0,13,127,13,127,2.76e-61,212,93.04
NP_828860.2,QIS30104.1,86.087,115,16,0,13,127,13,127,2.76e-61,212,93.04
NP_828860.2,QIU80907.2,86.087,115,16,0,13,127,13,127,2.76e-61,212,93.04
NP_828860.2,QIZ64730.1,86.087,115,16,0,13,127,13,127,2.76e-61,212,93.04
NP_828860.2,QIS60988.1,86.087,115,16,0,13,127,13,127,2.76e-61,212,93.04
NP_828860.2,QIS30124.1,86.087,115,16,0,13,127,13,127,2.76e-61,212,93.04
NP_828860.2,QIU81763.1,86.087,115,16,0,13,127,13,127,2.76e-61,212,93.04
NP_828860.2,QIZ64432.1,86.087,115,16,0,13,127,13,127,2.76e-61,212,93.04
NP_828860.2,QIT06925.1,86.087,115,16,0,13,127,13,127,2.76e-61,212,93.04
NP_828860.2,QJA42163.1,86.087,115,16,0,13,127,13,127,2.76e-61,212,93.04
NP_828860.2,QIK50437.1,86.087,115,16,0,13,127,13,127,2.76e-61,212,93.04
NP_828860.2,QIV15090.1,86.087,115,16,0,13,127,13,127,2.76e-61,212,93.04
NP_828860.2,QJC20712.1,86.087,115,16,0,13,127,13,127,2.76e-61,212,93.04
NP_828860.2,QIZ13871.1,86.087,115,16,0,13,127,13,127,2.76e-61,212,93.04
NP_828860.2,QIZ64480.1,86.087,115,16,0,13,127,13,127,2.76e-61,212,93.04
NP_828860.2,QHR63269.1,86.087,115,16,0,13,127,13,127,2.76e-61,212,93.04
NP_828860.2,QJA41639.1,86.087,115,16,0,13,127,13,127,2.76e-61,212,93.04
NP_828860.2,QIE07470.1,86.087,115,16,0,13,127,13,127,2.76e-61,212,93.04
NP_828860.2,QJC20497.1,86.087,115,16,0,13,127,13,127,2.76e-61,212,93.04
NP_828860.2,QJC20532.1,86.087,115,16,0,13,127,13,127,2.76e-61,212,93.04
NP_828860.2,QIU81475.1,86.087,115,16,0,13,127,13,127,2.76e-61,212,93.04
NP_828860.2,QIV15174.1,86.087,115,16,0,13,127,13,127,2.76e-61,212,93.04
NP_828860.2,QIU81823.1,86.087,115,16,0,13,127,13,127,2.76e-61,212,93.04
NP_828860.2,QIZ12985.1,86.087,115,16,0,13,127,13,127,2.76e-61,212,93.04
NP_828860.2,QIS61072.1,86.087,115,16,0,13,127,13,127,2.76e-61,212,93.04
NP_828860.2,QJA17750.1,86.087,115,16,0,13,127,13,127,2.76e-61,212,93.04
NP_828860.2,QIZ16279.1,86.087,115,16,0,13,127,13,127,2.76e-61,212,93.04
NP_828860.2,QJC21027.1,86.087,115,16,0,13,127,13,127,2.76e-61,212,93.04
NP_828860.2,QIX13997.1,86.087,115,16,0,13,127,13,127,2.76e-61,212,93.04
NP_828860.2,QIV65065.1,86.087,115,16,0,13,127,13,127,2.76e-61,212,93.04
NP_828860.2,QIZ64492.1,86.087,115,16,0,13,127,13,127,2.76e-61,212,93.04
NP_828860.2,QJA17558.1,86.087,115,16,0,13,127,13,127,2.76e-61,212,93.04
NP_828860.2,YP_009724389.1,86.087,115,16,0,13,127,13,127,2.76e-61,212,93.04
NP_828860.2,QIZ64299.1,86.087,115,16,0,13,127,13,127,2.76e-61,212,93.04
NP_828860.2,QJA16674.1,86.087,115,16,0,13,127,13,127,2.76e-61,212,93.04
NP_828860.2,QIA98582.1,86.087,115,16,0,13,127,13,127,2.76e-61,212,93.04
NP_828860.2,QIU81331.1,86.087,115,16,0,13,127,13,127,2.76e-61,212,93.04
NP_828860.2,QIZ64658.1,86.087,115,16,0,13,127,13,127,2.76e-61,212,93.04
NP_828860.2,QJA16554.1,86.087,115,16,0,13,127,13,127,2.76e-61,212,93.04
NP_828860.2,QIS60796.1,86.087,115,16,0,13,127,13,127,2.76e-61,212,93.04
NP_828860.2,QHZ00398.1,86.087,115,16,0,13,127,13,127,2.76e-61,212,93.04
NP_828860.2,QII87816.1,86.087,115,16,0,13,127,13,127,2.76e-61,212,93.04
NP_828860.2,QIS30064.1,86.087,115,16,0,13,127,13,127,2.76e-61,212,93.04
NP_828860.2,QIS60916.1,86.087,115,16,0,13,127,13,127,2.76e-61,212,93.04
NP_828860.2,QIZ15547.1,86.087,115,16,0,13,127,13,127,2.76e-61,212,93.04
NP_828860.2,QHU36823.1,86.087,115,16,0,13,127,13,127,2.76e-61,212,93.04
NP_828860.2,QII87780.1,86.087,115,16,0,13,127,13,127,2.76e-61,212,93.04
NP_828860.2,QJC20724.1,86.087,115,16,0,13,127,13,127,2.76e-61,212,93.04
NP_828860.2,QHU36863.1,86.087,115,16,0,13,127,13,127,2.76e-61,212,93.04
NP_828860.2,QIU78813.1,86.087,115,16,0,13,127,13,127,2.76e-61,212,93.04
NP_828860.2,QJA17406.1,86.087,115,16,0,13,127,13,127,2.76e-61,212,93.04
NP_828860.2,QIQ68513.1,86.087,115,16,0,13,127,13,127,2.76e-61,212,93.04
NP_828860.2,QIZ15823.1,86.087,115,16,0,13,127,13,127,2.76e-61,212,93.04
NP_828860.2,QJA17546.1,86.087,115,16,0,13,127,13,127,2.76e-61,212,93.04
NP_828860.2,QJA16782.1,86.087,115,16,0,13,127,13,127,2.76e-61,212,93.04
NP_828860.2,QJC20676.1,86.087,115,16,0,13,127,13,127,2.76e-61,212,93.04
NP_828860.2,QHN73809.1,86.087,115,16,0,13,127,13,127,2.76e-61,212,93.04
NP_828860.2,QJA42115.1,86.087,115,16,0,13,127,13,127,2.76e-61,212,93.04
NP_828860.2,QIZ14843.1,86.087,115,16,0,13,127,13,127,2.76e-61,212,93.04
NP_828860.2,QJA16650.1,86.087,115,16,0,13,127,13,127,2.76e-61,212,93.04
NP_828860.2,QIU81619.1,86.087,115,16,0,13,127,13,127,2.76e-61,212,93.04
NP_828860.2,QIV14982.1,86.087,115,16,0,13,127,13,127,2.76e-61,212,93.04
NP_828860.2,QIV65076.1,86.087,115,16,0,13,127,13,127,2.76e-61,212,93.04
NP_828860.2,QIS60868.1,86.087,115,16,0,13,127,13,127,2.76e-61,212,93.04
NP_828860.2,QIZ16533.1,86.087,115,16,0,13,127,13,127,2.76e-61,212,93.04
NP_828860.2,QIX13817.1,86.087,115,16,0,13,127,13,127,2.76e-61,212,93.04
NP_828860.2,QIZ13943.1,86.087,115,16,0,13,127,13,127,2.76e-61,212,93.04
NP_828860.2,QIZ64552.1,86.087,115,16,0,13,127,13,127,2.76e-61,212,93.04
NP_828860.2,QIZ13667.1,86.087,115,16,0,13,127,13,127,2.76e-61,212,93.04
NP_828860.2,QJC20640.1,86.087,115,16,0,13,127,13,127,2.76e-61,212,93.04
NP_828860.2,QIQ50111.1,86.087,115,16,0,13,127,13,127,2.76e-61,212,93.04
NP_828860.2,QII57317.1,86.087,115,16,0,13,127,13,127,2.76e-61,212,93.04
NP_828860.2,QIZ64312.1,86.087,115,16,0,13,127,13,127,2.76e-61,212,93.04
NP_828860.2,QJC20329.1,86.087,115,16,0,13,127,13,127,2.76e-61,212,93.04
NP_828860.2,QIU78717.1,86.087,115,16,0,13,127,13,127,2.76e-61,212,93.04
NP_828860.2,QIT06973.1,86.087,115,16,0,13,127,13,127,2.76e-61,212,93.04
NP_828860.2,QJA17582.1,86.087,115,16,0,13,127,13,127,2.76e-61,212,93.04
NP_828860.2,QIU81319.1,86.087,115,16,0,13,127,13,127,2.76e-61,212,93.04
NP_828860.2,QJA17466.1,86.087,115,16,0,13,127,13,127,2.76e-61,212,93.04
NP_828860.2,QJA17702.1,86.087,115,16,0,13,127,13,127,2.76e-61,212,93.04
NP_828860.2,QJC19837.1,86.087,115,16,0,13,127,13,127,2.76e-61,212,93.04
NP_828860.2,QJA16686.1,86.087,115,16,0,13,127,13,127,2.76e-61,212,93.04
NP_828860.2,QIV65043.1,86.087,115,16,0,13,127,13,127,2.76e-61,212,93.04
NP_828860.2,QIS61420.1,86.087,115,16,0,13,127,13,127,2.76e-61,212,93.04
NP_828860.2,QJC20700.1,86.087,115,16,0,13,127,13,127,2.76e-61,212,93.04
NP_828860.2,QHU36843.1,86.087,115,16,0,13,127,13,127,2.76e-61,212,93.04
NP_828860.2,QJC20508.1,86.087,115,16,0,13,127,13,127,2.76e-61,212,93.04
NP_828860.2,QJC19861.1,86.087,115,16,0,13,127,13,127,2.76e-61,212,93.04
NP_828860.2,QII87792.1,86.087,115,16,0,13,127,13,127,2.76e-61,212,93.04
NP_828860.2,QIS60676.1,86.087,115,16,0,13,127,13,127,2.76e-61,212,93.04
NP_828860.2,QJC20005.1,86.087,115,16,0,13,127,13,127,2.76e-61,212,93.04
NP_828860.2,QJC20485.1,86.087,115,16,0,13,127,13,127,2.76e-61,212,93.04
NP_828860.2,QJC19765.1,86.087,115,16,0,13,127,13,127,2.76e-61,212,93.04
NP_828860.2,QIS60832.1,86.087,115,16,0,13,127,13,127,2.76e-61,212,93.04
NP_828860.2,QIS30334.1,86.087,115,16,0,13,127,13,127,2.76e-61,212,93.04
NP_828860.2,QII57237.1,86.087,115,16,0,13,127,13,127,2.76e-61,212,93.04
NP_828860.2,QJA17442.1,86.087,115,16,0,13,127,13,127,2.76e-61,212,93.04
NP_828860.2,QJC19645.1,86.087,115,16,0,13,127,13,127,2.76e-61,212,93.04
NP_828860.2,QIS60724.1,86.087,115,16,0,13,127,13,127,2.76e-61,212,93.04
NP_828860.2,QIZ13381.1,86.087,115,16,0,13,127,13,127,2.76e-61,212,93.04
NP_828860.2,QIS60880.1,86.087,115,16,0,13,127,13,127,2.76e-61,212,93.04
NP_828860.2,QIZ14303.1,86.087,115,16,0,13,127,13,127,2.76e-61,212,93.04
NP_828860.2,QID98793.1,86.087,115,16,0,13,127,13,127,2.76e-61,212,93.04
NP_828860.2,QIS29992.1,86.087,115,16,0,13,127,13,127,2.76e-61,212,93.04
NP_828860.2,QIX13744.1,86.087,115,16,0,13,127,13,127,2.76e-61,212,93.04
NP_828860.2,QIZ64810.1,86.087,115,16,0,13,127,13,127,2.76e-61,212,93.04
NP_828860.2,QIZ64348.1,86.087,115,16,0,13,127,13,127,2.76e-61,212,93.04
NP_828860.2,QIS30084.1,86.087,115,16,0,13,127,13,127,2.76e-61,212,93.04
NP_828860.2,QIK02953.1,86.087,115,16,0,13,127,13,127,2.76e-61,212,93.04
NP_828860.2,QIT06877.1,86.087,115,16,0,13,127,13,127,2.76e-61,212,93.04
NP_828860.2,QJC20604.1,86.087,115,16,0,13,127,13,127,2.76e-61,212,93.04
NP_828860.2,QJA17298.1,86.087,115,16,0,13,127,13,127,2.76e-61,212,93.04
NP_828860.2,QIZ15943.1,86.087,115,16,0,13,127,13,127,2.76e-61,212,93.04
NP_828860.2,QIQ50031.1,86.087,115,16,0,13,127,13,127,2.76e-61,212,93.04
NP_828860.2,QIS30674.1,86.087,115,16,0,13,127,13,127,2.76e-61,212,93.04
NP_828860.2,QIU78857.1,86.087,115,16,0,13,127,13,127,2.76e-61,212,93.04
NP_828860.2,QIZ15787.1,86.087,115,16,0,13,127,13,127,2.76e-61,212,93.04
NP_828860.2,QIS61384.1,86.087,115,16,0,13,127,13,127,2.76e-61,212,93.04
NP_828860.2,QIJ96492.1,86.087,115,16,0,13,127,13,127,2.76e-61,212,93.04
NP_828860.2,QIU80911.1,86.087,115,16,0,13,127,13,127,2.76e-61,212,93.04
NP_828860.2,QJC19573.1,86.087,115,16,0,13,127,13,127,2.76e-61,212,93.04
NP_828860.2,QIQ49901.1,86.087,115,16,0,13,127,13,127,2.76e-61,212,93.04
NP_828860.2,QJA17642.1,86.087,115,16,0,13,127,13,127,2.76e-61,212,93.04
NP_828860.2,QIZ64836.1,86.087,115,16,0,13,127,13,127,2.76e-61,212,93.04
NP_828860.2,QJA16710.1,86.087,115,16,0,13,127,13,127,2.76e-61,212,93.04
NP_828860.2,QIZ64420.1,86.087,115,16,0,13,127,13,127,2.76e-61,212,93.04
NP_828860.2,QJC20257.1,86.087,115,16,0,13,127,13,127,2.76e-61,212,93.04
NP_828860.2,QIC53203.1,86.087,115,16,0,13,127,13,127,2.76e-61,212,93.04
NP_828860.2,QJA17274.1,86.087,115,16,0,13,127,13,127,2.76e-61,212,93.04
NP_828860.2,QIG55884.1,86.087,115,16,0,13,127,13,127,2.76e-61,212,93.04
NP_828860.2,QIZ13835.1,86.087,115,16,0,13,127,13,127,2.76e-61,212,93.04
NP_828860.2,QIQ50121.1,86.087,115,16,0,13,127,13,127,2.76e-61,212,93.04
NP_828860.2,QIU81607.1,86.087,115,16,0,13,127,13,127,2.76e-61,212,93.04
NP_828860.2,QIQ68523.1,86.087,115,16,0,13,127,13,127,2.76e-61,212,93.04
NP_828860.2,QIZ14471.1,86.087,115,16,0,13,127,13,127,2.76e-61,212,93.04
NP_828860.2,QIZ64822.1,86.087,115,16,0,13,127,13,127,2.76e-61,212,93.04
NP_828860.2,QIU81247.1,86.087,115,16,0,13,127,13,127,2.76e-61,212,93.04
NP_828860.2,QIU81283.1,86.087,115,16,0,13,127,13,127,2.76e-61,212,93.04
NP_828860.2,QJA17618.1,86.087,115,16,0,13,127,13,127,2.76e-61,212,93.04
NP_828860.2,QIQ49811.1,86.087,115,16,0,13,127,13,127,2.76e-61,212,93.04
NP_828860.2,QIS30474.1,86.087,115,16,0,13,127,13,127,2.76e-61,212,93.04
NP_828860.2,QIZ15751.1,86.087,115,16,0,13,127,13,127,2.76e-61,212,93.04
NP_828860.2,QIZ13715.1,86.087,115,16,0,13,127,13,127,2.76e-61,212,93.04
NP_828860.2,QIZ64729.1,86.087,115,16,0,13,127,13,127,2.76e-61,212,93.04
NP_828860.2,QIZ14927.1,86.087,115,16,0,13,127,13,127,2.76e-61,212,93.04
NP_828860.2,QIV15162.1,86.087,115,16,0,13,127,13,127,2.76e-61,212,93.04
NP_828860.2,QJC21039.1,86.087,115,16,0,13,127,13,127,2.76e-61,212,93.04
NP_828860.2,QIZ13787.1,86.087,115,16,0,13,127,13,127,2.76e-61,212,93.04
NP_828860.2,QIJ96522.1,86.087,115,16,0,13,127,13,127,2.76e-61,212,93.04
NP_828860.2,QIS60286.1,86.087,115,16,0,13,127,13,127,2.76e-61,212,93.04
NP_828860.2,QIS30494.1,86.087,115,16,0,13,127,13,127,2.76e-61,212,93.04
NP_828860.2,QIX13721.1,86.087,115,16,0,13,127,13,127,2.76e-61,212,93.04
NP_828860.2,QIZ64858.1,86.087,115,16,0,13,127,13,127,2.76e-61,212,93.04
NP_828860.2,QIZ15919.1,86.087,115,16,0,13,127,13,127,2.76e-61,212,93.04
NP_828860.2,QIU81679.1,86.087,115,16,0,13,127,13,127,2.76e-61,212,93.04
NP_828860.2,QIO04366.1,86.087,115,16,0,13,127,13,127,2.76e-61,212,93.04
NP_828860.2,QIS30154.1,86.087,115,16,0,13,127,13,127,2.76e-61,212,93.04
NP_828860.2,QIZ14759.1,86.087,115,16,0,13,127,13,127,2.76e-61,212,93.04
NP_828860.2,QIU80983.1,86.087,115,16,0,13,127,13,127,2.76e-61,212,93.04
NP_828860.2,QJC19585.1,86.087,115,16,0,13,127,13,127,2.76e-61,212,93.04
NP_828860.2,QIZ64610.1,86.087,115,16,0,13,127,13,127,2.76e-61,212,93.04
NP_828860.2,QIS61348.1,86.087,115,16,0,13,127,13,127,2.76e-61,212,93.04
NP_828860.2,QJA16938.1,86.087,115,16,0,13,127,13,127,2.76e-61,212,93.04
NP_828860.2,QJC20652.1,86.087,115,16,0,13,127,13,127,2.76e-61,212,93.04
NP_828860.2,QIZ13691.1,86.087,115,16,0,13,127,13,127,2.76e-61,212,93.04
NP_828860.2,QIZ14459.1,86.087,115,16,0,13,127,13,127,2.76e-61,212,93.04
NP_828860.2,QJA16434.1,86.087,115,16,0,13,127,13,127,2.76e-61,212,93.04
NP_828860.2,QIT06889.1,86.087,115,16,0,13,127,13,127,2.76e-61,212,93.04
NP_828860.2,QHS34545.1,86.087,115,16,0,13,127,13,127,2.76e-61,212,93.04
NP_828860.2,QJC19741.1,86.087,115,16,0,13,127,13,127,2.76e-61,212,93.04
NP_828860.2,QIQ08819.1,86.087,115,16,0,13,127,13,127,2.76e-61,212,93.04
NP_828860.2,QIJ96472.1,86.087,115,16,0,13,127,13,127,2.76e-61,212,93.04
NP_828860.2,QIS30052.2,86.087,115,16,0,13,127,13,127,2.76e-61,212,93.04
NP_828860.2,QIZ64634.1,86.087,115,16,0,13,127,13,127,2.76e-61,212,93.04
NP_828860.2,QIZ15883.1,86.087,115,16,0,13,127,13,127,2.76e-61,212,93.04
NP_828860.2,QIZ15607.1,86.087,115,16,0,13,127,13,127,2.76e-61,212,93.04
NP_828860.2,QIZ64372.1,86.087,115,16,0,13,127,13,127,2.76e-61,212,93.04
NP_828860.2,QIE07460.1,86.087,115,16,0,13,127,13,127,2.76e-61,212,93.04
NP_828860.2,QJA42199.1,86.087,115,16,0,13,127,13,127,2.76e-61,212,93.04
NP_828860.2,QIZ13321.1,86.087,115,16,0,13,127,13,127,2.76e-61,212,93.04
NP_828860.2,QIS30604.1,86.087,115,16,0,13,127,13,127,2.76e-61,212,93.04
NP_828860.2,QIQ49851.1,86.087,115,16,0,13,127,13,127,2.76e-61,212,93.04
NP_828860.2,QJA16770.1,86.087,115,16,0,13,127,13,127,2.76e-61,212,93.04
NP_828860.2,QII57267.1,86.087,115,16,0,13,127,13,127,2.76e-61,212,93.04
NP_828860.2,QIZ64872.1,86.087,115,16,0,13,127,13,127,2.76e-61,212,93.04
NP_828860.2,QIZ64644.1,86.087,115,16,0,13,127,13,127,2.76e-61,212,93.04
NP_828860.2,QJA17310.1,86.087,115,16,0,13,127,13,127,2.76e-61,212,93.04
NP_828860.2,QIS30274.1,86.087,115,16,0,13,127,13,127,2.76e-61,212,93.04
NP_828860.2,QII57177.1,86.087,115,16,0,13,127,13,127,2.76e-61,212,93.04
NP_828860.2,QIS61252.1,86.087,115,16,0,13,127,13,127,2.76e-61,212,93.04
NP_828860.2,QIZ64324.1,86.087,115,16,0,13,127,13,127,2.76e-61,212,93.04
NP_828860.2,QIV64987.1,86.087,115,16,0,13,127,13,127,2.76e-61,212,93.04
NP_828860.2,QJC20473.1,86.087,115,16,0,13,127,13,127,2.76e-61,212,93.04
NP_828860.2,QJA17010.1,86.087,115,16,0,13,127,13,127,2.76e-61,212,93.04
NP_828860.2,QJC20544.1,86.087,115,16,0,13,127,13,127,2.76e-61,212,93.04
NP_828860.2,QIU81007.1,86.087,115,16,0,13,127,13,127,2.76e-61,212,93.04
NP_828860.2,QIU78833.1,86.087,115,16,0,13,127,13,127,2.76e-61,212,93.04
NP_828860.2,QIS61084.1,86.087,115,16,0,13,127,13,127,2.76e-61,212,93.04
NP_828860.2,QJC20365.1,86.087,115,16,0,13,127,13,127,2.76e-61,212,93.04
NP_828860.2,QIZ15763.1,86.087,115,16,0,13,127,13,127,2.76e-61,212,93.04
NP_828860.2,QJA17346.1,86.087,115,16,0,13,127,13,127,2.76e-61,212,93.04
NP_828860.2,QIU81091.1,86.087,115,16,0,13,127,13,127,2.76e-61,212,93.04
NP_828860.2,QIS61372.1,86.087,115,16,0,13,127,13,127,2.76e-61,212,93.04
NP_828860.2,QJC19885.1,86.087,115,16,0,13,127,13,127,2.76e-61,212,93.04
NP_828860.2,QIV65054.1,86.087,115,16,0,13,127,13,127,2.76e-61,212,93.04
NP_828860.2,QIQ68503.1,86.087,115,16,0,13,127,13,127,2.76e-61,212,93.04
NP_828860.2,QJA16602.1,86.087,115,16,0,13,127,13,127,2.76e-61,212,93.04
NP_828860.2,QIS30414.1,86.087,115,16,0,13,127,13,127,2.76e-61,212,93.04
NP_828860.2,QJC19657.1,86.087,115,16,0,13,127,13,127,2.76e-61,212,93.04
NP_828860.2,QIZ64620.1,86.087,115,16,0,13,127,13,127,2.76e-61,212,93.04
NP_828860.2,QIZ64718.1,86.087,115,16,0,13,127,13,127,2.76e-61,212,93.04
NP_828860.2,QJC20113.1,86.087,115,16,0,13,127,13,127,2.76e-61,212,93.04
NP_828860.2,QJA17238.1,86.087,115,16,0,13,127,13,127,2.76e-61,212,93.04
NP_828860.2,QII57187.1,86.087,115,16,0,13,127,13,127,2.76e-61,212,93.04
NP_828860.2,QIS61480.1,86.087,115,16,0,13,127,13,127,2.76e-61,212,93.04
NP_828860.2,QIS61204.1,86.087,115,16,0,13,127,13,127,2.76e-61,212,93.04
NP_828860.2,QIS30144.1,86.087,115,16,0,13,127,13,127,2.76e-61,212,93.04
NP_828860.2,QII87828.1,86.087,115,16,0,13,127,13,127,2.76e-61,212,93.04
NP_828860.2,QIZ14747.1,86.087,115,16,0,13,127,13,127,2.76e-61,212,93.04
NP_828860.2,QIM47475.1,86.087,115,16,0,13,127,13,127,2.76e-61,212,93.04
NP_828860.2,QJA16950.1,86.087,115,16,0,13,127,13,127,2.76e-61,212,93.04
NP_828860.2,QIQ49891.1,86.087,115,16,0,13,127,13,127,2.76e-61,212,93.04
NP_828860.2,QIZ14015.1,86.087,115,16,0,13,127,13,127,2.76e-61,212,93.04
NP_828860.2,QIK02963.1,86.087,115,16,0,13,127,13,127,2.76e-61,212,93.04
NP_828860.2,QHR63299.1,86.087,115,16,0,13,127,13,127,3.62e-61,212,93.91
NP_828860.2,QIU81536.1,86.087,115,16,0,13,127,13,127,4.54e-61,212,92.17
NP_828860.2,QIV65032.1,86.087,115,16,0,13,127,13,127,4.61e-61,212,92.17
NP_828860.2,QIU81535.1,86.087,115,16,0,13,127,13,127,4.61e-61,212,92.17
NP_828860.2,QHW06038.1,85.217,115,17,0,13,127,13,127,1.06e-60,211,92.17
NP_828860.2,QIS60545.1,85.217,115,17,0,13,127,13,127,1.16e-60,211,93.04
NP_828860.2,QIU81909.1,85.217,115,17,0,13,127,13,127,1.16e-60,211,93.04
NP_828860.2,QIS60857.1,85.217,115,17,0,13,127,13,127,1.16e-60,211,93.04
NP_828860.2,QIZ16112.1,85.217,115,17,0,13,127,13,127,1.16e-60,211,93.04
NP_828860.2,QIZ16099.1,85.217,115,17,0,13,127,13,127,1.17e-60,211,93.04
NP_828860.2,QHZ87581.1,85.217,115,17,0,13,127,13,127,1.17e-60,211,93.04
NP_828860.2,QIZ64668.1,85.217,115,17,0,13,127,13,127,1.17e-60,211,93.04
NP_828860.2,QIS30324.1,85.217,115,17,0,13,127,13,127,1.17e-60,211,93.04
NP_828860.2,QIS60544.1,85.217,115,17,0,13,127,13,127,1.17e-60,211,93.04
NP_828860.2,QIS60856.1,85.217,115,17,0,13,127,13,127,1.17e-60,211,93.04
NP_828860.2,QIZ16111.1,85.217,115,17,0,13,127,13,127,1.17e-60,211,93.04
NP_828860.2,QIU81908.1,85.217,115,17,0,13,127,13,127,1.17e-60,211,93.04
NP_828860.2,QIQ54046.1,82.609,115,20,0,13,127,13,127,1.20e-60,211,93.91
NP_828860.2,QIA48613.1,82.609,115,20,0,13,127,13,127,1.20e-60,211,93.91
NP_828860.2,QIA48631.1,82.609,115,20,0,13,127,13,127,1.20e-60,211,93.91
NP_828860.2,QIQ54047.1,82.609,115,20,0,13,127,13,127,1.20e-60,211,93.91
NP_828860.2,QIA48622.1,82.609,115,20,0,13,127,13,127,1.20e-60,211,93.91
NP_828860.2,QIA48640.1,82.609,115,20,0,13,127,13,127,1.20e-60,211,93.91
NP_828860.2,QIZ14148.1,85.217,115,17,0,13,127,7,121,1.22e-60,211,92.17
NP_828860.2,QIZ14147.1,85.217,115,17,0,13,127,7,121,1.25e-60,211,92.17
NP_828860.2,AVP78030.1,86.087,115,16,0,13,127,13,127,1.25e-60,211,92.17
NP_828860.2,QIQ49821.1,85.217,115,17,0,13,127,13,127,1.33e-60,210,92.17
NP_828860.2,QIZ64540.1,86.957,115,14,1,13,127,13,126,1.85e-60,210,93.04
NP_828860.2,QIZ64551.1,86.957,115,14,1,13,127,13,126,1.86e-60,210,93.04
NP_828860.2,QIU80924.1,85.217,115,17,0,13,127,13,127,1.98e-60,210,92.17
NP_828860.2,QIU80923.1,85.217,115,17,0,13,127,13,127,1.99e-60,210,92.17
NP_828860.2,QIU78866.1,85.217,115,17,0,13,127,13,127,2.00e-60,210,92.17
NP_828860.2,QIU78865.1,85.217,115,17,0,13,127,13,127,2.01e-60,210,92.17
NP_828860.2,QIS60557.1,85.217,115,17,0,13,127,3,117,2.12e-60,210,92.17
NP_828860.2,QIS60556.1,85.217,115,17,0,13,127,3,117,2.15e-60,210,92.17
NP_828860.2,QIU81524.1,85.217,115,17,0,13,127,13,127,2.29e-60,210,92.17
NP_828860.2,QIU81523.1,85.217,115,17,0,13,127,13,127,2.30e-60,210,92.17
NP_828860.2,QJC20462.1,85.217,115,17,0,13,127,13,127,2.81e-60,209,92.17
NP_828860.2,QIQ50011.1,85.217,115,17,0,13,127,13,127,2.82e-60,209,92.17
NP_828860.2,QJC20461.1,85.217,115,17,0,13,127,13,127,2.82e-60,209,92.17
NP_828860.2,QHO62876.1,85.217,115,17,0,13,127,13,127,3.05e-60,209,92.17
NP_828860.2,QJA17631.1,85.217,115,17,0,13,127,13,127,3.07e-60,209,92.17
NP_828860.2,QJA17630.1,85.217,115,17,0,13,127,13,127,3.11e-60,209,92.17
NP_828860.2,QIZ13226.1,85.965,114,16,0,14,127,1,114,3.48e-60,209,92.98
NP_828860.2,QIZ13643.1,85.965,114,16,0,14,127,14,127,3.48e-60,209,92.98
NP_828860.2,QIZ13225.1,85.965,114,16,0,14,127,1,114,3.49e-60,209,92.98
NP_828860.2,QIZ13642.1,85.965,114,16,0,14,127,14,127,3.49e-60,209,92.98
NP_828860.2,QIX12147.1,85.217,115,17,0,13,127,13,127,5.76e-60,209,92.17
NP_828860.2,QIX12146.1,85.217,115,17,0,13,127,13,127,5.78e-60,209,92.17
NP_828860.2,QIU81056.1,84.348,115,18,0,13,127,13,127,8.91e-60,208,91.30
NP_828860.2,QJA17655.1,86.087,115,14,1,13,127,13,125,9.08e-60,208,92.17
NP_828860.2,QJA17654.1,86.087,115,14,1,13,127,13,125,9.12e-60,208,92.17
NP_828860.2,QIU81055.1,84.348,115,18,0,13,127,13,127,9.12e-60,208,91.30
NP_828860.2,QIZ13274.1,84.348,115,18,0,13,127,13,127,1.47e-59,207,90.43
NP_828860.2,QIZ13273.1,84.348,115,18,0,13,127,13,127,1.52e-59,207,90.43
NP_828860.2,QIS30114.1,84.348,115,18,0,13,127,13,127,2.70e-59,207,91.30
NP_828860.2,QJC20414.1,85.217,115,14,1,13,127,13,124,4.45e-59,206,91.30
NP_828860.2,QJC20413.1,85.217,115,14,1,13,127,13,124,4.47e-59,206,91.30
NP_828860.2,QIS61479.1,85.714,112,16,0,16,127,1,112,7.51e-59,205,92.86
NP_828860.2,QIS61478.1,85.714,112,16,0,16,127,1,112,7.54e-59,205,92.86
NP_828860.2,QIZ14172.1,85.217,115,14,1,13,127,13,124,2.86e-58,204,91.30
NP_828860.2,QIZ14171.1,85.217,115,14,1,13,127,13,124,2.87e-58,204,91.30
NP_828860.2,QIZ14784.1,82.609,115,20,0,13,127,13,127,8.40e-58,202,89.57
NP_828860.2,QIZ14783.1,82.609,115,20,0,13,127,13,127,8.68e-58,202,89.57
NP_828860.2,YP_003858583.1,78.261,115,25,0,13,127,13,127,3.06e-57,201,91.30
NP_828860.2,QIS61397.1,85.321,109,16,0,19,127,19,127,3.77e-57,201,92.66
NP_828860.2,QIS61396.1,85.321,109,16,0,19,127,19,127,3.79e-57,201,92.66
NP_828860.2,QHZ87591.1,83.478,115,14,1,13,127,13,122,6.91e-57,200,89.57
NP_828860.2,QII57277.1,83.478,115,14,1,13,127,13,122,6.91e-57,200,89.57
NP_828860.2,QIZ13560.1,85.185,108,16,0,20,127,1,108,4.55e-56,197,92.59
NP_828860.2,QIU81728.1,85.185,108,16,0,20,127,1,108,4.55e-56,197,92.59
NP_828860.2,QIZ13559.1,85.185,108,16,0,20,127,1,108,4.57e-56,197,92.59
NP_828860.2,QIU81727.1,85.185,108,16,0,20,127,1,108,4.57e-56,197,92.59
NP_828860.2,QIQ50101.1,85.185,108,16,0,20,127,1,108,4.57e-56,197,92.59
NP_828860.2,QJA16639.1,85.849,106,15,0,13,118,9,114,1.03e-55,196,93.40
NP_828860.2,QJA16638.1,85.849,106,15,0,13,118,9,114,1.03e-55,196,93.40
NP_828860.2,QIZ13080.1,85.047,107,16,0,21,127,1,107,1.64e-55,196,92.52
NP_828860.2,QIZ13079.1,85.047,107,16,0,21,127,1,107,1.64e-55,196,92.52
NP_828860.2,APO40578.1,76.522,115,27,0,13,127,13,127,5.11e-55,194,88.70
NP_828860.2,QIZ14014.1,81.250,112,21,0,16,127,16,127,3.61e-54,192,88.39
NP_828860.2,QIZ14013.1,81.250,112,21,0,16,127,16,127,3.69e-54,192,88.39
NP_828860.2,QJA16471.1,81.250,112,21,0,16,127,1,112,5.63e-54,191,88.39
NP_828860.2,QJA16470.1,81.250,112,21,0,16,127,1,112,5.71e-54,191,88.39
NP_828860.2,QIZ14674.1,82.407,108,19,0,20,127,20,127,2.28e-53,190,89.81
NP_828860.2,QIZ14673.1,82.407,108,19,0,20,127,20,127,2.29e-53,190,89.81
NP_828860.2,QJA16805.1,85.437,103,15,0,16,118,1,103,2.82e-53,189,93.20
NP_828860.2,QJA16804.1,85.437,103,15,0,16,118,1,103,2.83e-53,189,93.20
NP_828860.2,QIZ14064.1,85.437,103,15,0,15,117,1,103,4.36e-53,189,93.20
NP_828860.2,QIZ14063.1,85.437,103,15,0,15,117,1,103,4.38e-53,189,93.20
NP_828860.2,QIZ13968.1,84.348,115,18,0,13,127,13,127,3.34e-52,186,91.30
NP_828860.2,QIZ13967.1,84.348,115,18,0,13,127,13,127,3.59e-52,186,91.30
NP_828860.2,QIZ14916.1,77.193,114,26,0,14,127,1,114,7.91e-52,185,84.21
NP_828860.2,QIZ14915.1,77.193,114,26,0,14,127,1,114,8.18e-52,185,84.21
NP_828860.2,QIU81488.1,77.193,114,26,0,14,127,1,114,9.74e-51,182,82.46
NP_828860.2,QIU81487.1,77.193,114,26,0,14,127,1,114,1.04e-50,182,82.46
NP_828860.2,QIZ14206.1,83.838,99,16,0,29,127,1,99,2.78e-50,181,91.92
NP_828860.2,QIZ14205.1,83.838,99,16,0,29,127,1,99,2.79e-50,181,91.92
NP_828860.2,QJA16879.1,74.783,115,29,0,13,127,13,127,6.39e-50,180,81.74
NP_828860.2,QJA16878.1,74.783,115,29,0,13,127,13,127,6.61e-50,180,81.74
NP_828860.2,QIZ12998.1,83.505,97,16,0,31,127,1,97,1.16e-48,176,91.75
NP_828860.2,QIZ14554.1,83.505,97,16,0,31,127,31,127,1.16e-48,176,91.75
NP_828860.2,QIZ12997.1,83.505,97,16,0,31,127,1,97,1.17e-48,176,91.75
NP_828860.2,QIZ14553.1,83.505,97,16,0,31,127,31,127,1.17e-48,176,91.75
NP_828860.2,QIZ13430.1,83.333,96,16,0,32,127,1,96,8.98e-48,174,91.67
NP_828860.2,QIZ13429.1,83.333,96,16,0,32,127,1,96,9.02e-48,174,91.67
NP_828860.2,QIZ14868.1,73.043,115,31,0,13,127,13,127,1.47e-47,173,80.00
NP_828860.2,QIZ14867.1,73.043,115,31,0,13,127,13,127,1.58e-47,173,80.00
NP_828860.2,QIZ13908.1,71.304,115,33,0,13,127,13,127,2.33e-46,170,78.26
NP_828860.2,QIZ13907.1,71.304,115,33,0,13,127,13,127,2.56e-46,169,78.26
NP_828860.2,QIZ13562.1,82.979,94,16,0,34,127,1,94,4.18e-46,169,91.49
NP_828860.2,QIZ13561.1,82.979,94,16,0,34,127,1,94,4.19e-46,169,91.49
NP_828860.2,QIQ49921.1,82.979,94,16,0,34,127,34,127,4.19e-46,169,91.49
NP_828860.2,QIS60701.1,70.435,115,34,0,13,127,1,115,2.21e-45,167,76.52
NP_828860.2,QIZ13406.1,79.381,97,20,0,31,127,1,97,2.30e-45,167,87.63
NP_828860.2,QIZ13405.1,79.381,97,20,0,31,127,1,97,2.36e-45,167,87.63
NP_828860.2,QIS60700.1,70.435,115,34,0,13,127,1,115,2.43e-45,167,76.52
NP_828860.2,QIZ13142.1,82.418,91,16,0,37,127,1,91,2.95e-44,164,91.21
NP_828860.2,QIZ14568.1,82.418,91,16,0,37,127,1,91,2.95e-44,164,91.21
NP_828860.2,QIZ13141.1,82.418,91,16,0,37,127,1,91,2.96e-44,164,91.21
NP_828860.2,QIZ14567.1,82.418,91,16,0,37,127,1,91,2.96e-44,164,91.21
NP_828860.2,QIZ13370.1,83.146,89,15,0,39,127,1,89,1.45e-43,162,92.13
NP_828860.2,QIZ14052.1,83.146,89,15,0,39,127,3,91,1.45e-43,162,92.13
NP_828860.2,QJA16433.1,83.146,89,15,0,39,127,39,127,1.45e-43,162,92.13
NP_828860.2,QIZ13369.1,83.146,89,15,0,39,127,1,89,1.45e-43,162,92.13
NP_828860.2,QIZ14051.1,83.146,89,15,0,39,127,3,91,1.45e-43,162,92.13
NP_828860.2,QJA16432.1,83.146,89,15,0,39,127,39,127,1.45e-43,162,92.13
NP_828860.2,QIZ13286.1,82.955,88,15,0,40,127,1,88,5.31e-43,160,92.05
NP_828860.2,QIZ13285.1,82.955,88,15,0,40,127,1,88,5.33e-43,160,92.05
NP_828860.2,QIS61539.1,68.696,115,36,0,13,127,8,122,1.96e-42,159,72.17
NP_828860.2,QIS61538.1,68.696,115,36,0,13,127,8,122,2.13e-42,158,72.17
NP_828860.2,QJA16507.1,81.818,88,16,0,40,127,1,88,2.50e-42,158,90.91
NP_828860.2,QJA16506.1,81.818,88,16,0,40,127,1,88,2.54e-42,158,90.91
NP_828860.2,QJA17107.1,68.696,115,36,0,13,127,13,127,2.79e-42,158,73.04
NP_828860.2,QIS30454.1,73.267,101,27,0,27,127,1,101,3.05e-42,158,81.19
NP_828860.2,QJA17106.1,68.696,115,36,0,13,127,13,127,3.21e-42,158,73.04
NP_828860.2,QJA17178.1,75.258,97,24,0,31,127,1,97,6.30e-41,154,83.51
NP_828860.2,QJA17179.1,75.258,97,24,0,31,127,1,97,6.39e-41,154,83.51
NP_828860.2,QIZ14890.1,66.087,115,39,0,13,127,12,126,1.99e-40,153,70.43
NP_828860.2,QIZ14889.1,66.087,115,39,0,13,127,12,126,2.29e-40,152,70.43
NP_828860.2,QIS61049.1,82.927,82,14,0,46,127,46,127,5.98e-39,149,91.46
NP_828860.2,QIS30644.1,82.927,82,14,0,46,127,1,82,6.01e-39,149,91.46
NP_828860.2,QIS61048.1,82.927,82,14,0,46,127,46,127,6.01e-39,149,91.46
NP_828860.2,QIZ14950.1,77.528,89,20,0,39,127,2,90,2.54e-38,147,86.52
NP_828860.2,QIZ14949.1,77.528,89,20,0,39,127,2,90,2.60e-38,147,86.52
NP_828860.2,QIS30594.1,80.488,82,16,0,46,127,1,82,7.53e-37,142,87.80
NP_828860.2,QIS61071.1,83.117,77,13,0,51,127,32,108,4.74e-36,140,90.91
NP_828860.2,QIS61070.1,83.117,77,13,0,51,127,32,108,4.76e-36,140,90.91
NP_828860.2,QIS60653.1,71.739,92,26,0,36,127,1,92,6.46e-36,140,80.43
NP_828860.2,QIS60652.1,71.739,92,26,0,36,127,1,92,6.49e-36,140,80.43
NP_828860.2,QIS60821.1,62.281,114,43,0,14,127,10,123,1.58e-35,139,67.54
NP_828860.2,QIS60820.1,62.281,114,43,0,14,127,10,123,1.96e-35,139,67.54
NP_828860.2,QIZ13130.1,82.667,75,13,0,53,127,1,75,5.71e-34,134,90.67
NP_828860.2,QIZ13129.1,82.667,75,13,0,53,127,1,75,5.74e-34,134,90.67
NP_828860.2,QIS60581.1,55.652,115,51,0,13,127,13,127,7.49e-30,122,59.13
NP_828860.2,QIS60580.1,55.652,115,51,0,13,127,13,127,8.79e-30,122,59.13
NP_828860.2,QJA16543.1,82.090,67,12,0,61,127,1,67,2.97e-29,121,89.55
NP_828860.2,QJA16542.1,82.090,67,12,0,61,127,1,67,2.98e-29,121,89.55
NP_828860.2,QIS60749.1,64.773,88,31,0,40,127,1,88,5.42e-29,120,71.59
NP_828860.2,QIS60748.1,64.773,88,31,0,40,127,1,88,5.77e-29,120,71.59
NP_828860.2,QJA16663.1,57.944,107,45,0,21,127,1,107,1.19e-28,119,63.55
NP_828860.2,QIZ13646.1,74.667,75,19,0,53,127,1,75,1.32e-28,119,82.67
NP_828860.2,QIZ13645.1,74.667,75,19,0,53,127,1,75,1.36e-28,119,82.67
NP_828860.2,QJA16662.1,57.944,107,45,0,21,127,1,107,1.38e-28,119,63.55
NP_828860.2,QIS60845.1,60.215,93,37,0,35,127,1,93,4.66e-27,114,67.74
NP_828860.2,QIS60844.1,60.215,93,37,0,35,127,1,93,4.97e-27,114,67.74
NP_828860.2,QIZ14832.1,56.436,101,44,0,13,113,13,113,3.47e-25,109,62.38
NP_828860.2,QIZ14831.1,56.436,101,44,0,13,113,13,113,3.81e-25,109,62.38
NP_828860.2,QIS30354.1,80.328,61,12,0,67,127,1,61,9.30e-25,108,88.52
NP_828860.2,QIS30524.1,68.000,75,24,0,53,127,1,75,2.04e-24,107,76.00
NP_828860.2,QJA16891.1,64.634,82,29,0,15,96,1,82,2.66e-23,104,70.73
NP_828860.2,QJA16890.1,64.634,82,29,0,15,96,1,82,2.81e-23,103,70.73
NP_828860.2,QJA16579.1,57.609,92,39,0,34,125,1,92,5.57e-23,103,64.13
NP_828860.2,QJA16578.1,57.609,92,39,0,34,125,1,92,6.17e-23,103,64.13
NP_828860.2,QIS30513.1,79.661,59,12,0,69,127,1,59,1.05e-22,102,88.14
NP_828860.2,QIS61467.1,91.837,49,4,0,13,61,10,58,4.85e-21,97.8,97.96
NP_828860.2,QIS61466.1,91.837,49,4,0,13,61,10,58,4.87e-21,97.8,97.96
NP_828860.2,QIZ14256.1,71.429,63,18,0,65,127,1,63,8.59e-21,97.1,74.60
NP_828860.2,QIZ14255.1,71.429,63,18,0,65,127,1,63,9.33e-21,97.1,74.60
NP_828860.2,QIZ14436.1,53.763,93,43,0,35,127,1,93,5.49e-20,94.7,58.06
NP_828860.2,QIZ14435.1,53.763,93,43,0,35,127,1,93,6.20e-20,94.7,58.06
NP_828860.2,QIS60605.1,66.154,65,22,0,63,127,1,65,3.90e-18,89.4,70.77
NP_828860.2,QIS60604.1,66.154,65,22,0,63,127,1,65,4.00e-18,89.4,70.77
NP_828860.2,QIZ14388.1,82.979,47,8,0,81,127,2,48,1.29e-17,88.2,91.49
NP_828860.2,QIZ14424.1,82.979,47,8,0,81,127,4,50,1.29e-17,88.2,91.49
NP_828860.2,QIZ14387.1,82.979,47,8,0,81,127,2,48,1.29e-17,88.2,91.49
NP_828860.2,QIZ14423.1,82.979,47,8,0,81,127,4,50,1.29e-17,88.2,91.49
NP_828860.2,QIH55230.1,82.979,47,8,0,81,127,2,48,1.39e-17,81.6,91.49
NP_828860.2,QIS30394.1,85.714,42,6,0,86,127,1,42,8.10e-15,80.1,92.86
NP_828860.2,QIZ13905.1,47.436,78,41,0,46,123,1,78,1.41e-11,70.9,53.85


